首件确认,15'44'33'' 2017-07-10~15'47'06'' 2017-07-10,00D-00'02'33'',15'47'06'' 2017-07-10
首件确认,16'40'46'' 2017-07-10~16'41'18'' 2017-07-10,00D-00'00'32'',16'41'18'' 2017-07-10
首件确认,16'41'32'' 2017-07-10~16'43'36'' 2017-07-10,00D-00'02'04'',16'43'36'' 2017-07-10
首件确认,16'43'50'' 2017-07-10~16'44'51'' 2017-07-10,00D-00'01'01'',16'44'51'' 2017-07-10
首件确认,16'45'11'' 2017-07-10~16'46'27'' 2017-07-10,00D-00'01'16'',16'46'27'' 2017-07-10
首件确认,16'46'46'' 2017-07-10~16'48'41'' 2017-07-10,00D-00'01'55'',16'48'41'' 2017-07-10
首件确认,16'48'58'' 2017-07-10~16'49'44'' 2017-07-10,00D-00'00'46'',16'49'44'' 2017-07-10
首件确认,16'49'57'' 2017-07-10~16'50'22'' 2017-07-10,00D-00'00'25'',16'50'22'' 2017-07-10
首件确认,16'50'34'' 2017-07-10~16'50'46'' 2017-07-10,00D-00'00'12'',16'50'46'' 2017-07-10
首件确认,09'05'33'' 2017-07-11~09'05'40'' 2017-07-11,00D-00'00'07'',09'05'40'' 2017-07-11
首件确认,09'05'44'' 2017-07-11~09'07'20'' 2017-07-11,00D-00'01'36'',09'07'20'' 2017-07-11
首件确认,09'10'50'' 2017-07-11~09'11'32'' 2017-07-11,00D-00'00'42'',09'11'32'' 2017-07-11
首件确认,09'11'46'' 2017-07-11~09'14'31'' 2017-07-11,00D-00'02'45'',09'14'31'' 2017-07-11
首件确认,09'11'46'' 2017-07-11~09'14'31'' 2017-07-1109'16'24'' 2017-07-11,00D-00'01'13'',09'16'24'' 2017-07-11
首件确认,09'31'10'' 2017-07-12~09'33'23'' 2017-07-12,00D-00'02'13'',09'33'23'' 2017-07-12
首件确认,09'34'03'' 2017-07-12~09'34'41'' 2017-07-12,00D-00'00'38'',09'34'41'' 2017-07-12
首件确认,09'35'25'' 2017-07-12~09'38'00'' 2017-07-12,00D-00'02'35'',09'38'00'' 2017-07-12
首件确认,09'38'44'' 2017-07-12~09'39'29'' 2017-07-12,00D-00'00'45'',09'39'29'' 2017-07-12
首件确认,09'40'16'' 2017-07-12~09'40'51'' 2017-07-12,00D-00'00'35'',09'40'51'' 2017-07-12
首件确认,09'41'35'' 2017-07-12~09'42'15'' 2017-07-12,00D-00'00'40'',09'42'15'' 2017-07-12
其他类异常,09'43'00'' 2017-07-12~09'44'07'' 2017-07-12,00D-00'01'07'',09'44'07'' 2017-07-12
其他类异常,09'44'54'' 2017-07-12~09'47'51'' 2017-07-12,00D-00'02'57'',09'47'51'' 2017-07-12
其他类异常,09'48'35'' 2017-07-12~09'49'18'' 2017-07-12,00D-00'00'43'',09'49'18'' 2017-07-12
其他类异常,09'49'49'' 2017-07-12~09'50'49'' 2017-07-12,00D-00'01'00'',09'50'49'' 2017-07-12
其他类异常,09'51'22'' 2017-07-12~09'52'01'' 2017-07-12,00D-00'00'39'',09'52'01'' 2017-07-12
其他类异常,09'52'28'' 2017-07-12~09'53'24'' 2017-07-12,00D-00'00'56'',09'53'24'' 2017-07-12
其他类异常,09'53'41'' 2017-07-12~09'54'24'' 2017-07-12,00D-00'00'43'',09'54'24'' 2017-07-12
其他类异常,09'54'50'' 2017-07-12~09'55'48'' 2017-07-12,00D-00'00'58'',09'55'48'' 2017-07-12
其他类异常,09'56'17'' 2017-07-12~09'56'54'' 2017-07-12,00D-00'00'37'',09'56'54'' 2017-07-12
其他类异常,09'57'24'' 2017-07-12~10'00'04'' 2017-07-12,00D-00'02'40'',10'00'04'' 2017-07-12
其他类异常,10'00'31'' 2017-07-12~10'02'46'' 2017-07-12,00D-00'02'15'',10'02'46'' 2017-07-12
其他类异常,10'03'14'' 2017-07-12~10'04'02'' 2017-07-12,00D-00'00'48'',10'04'02'' 2017-07-12
其他类异常,10'04'30'' 2017-07-12~10'05'18'' 2017-07-12,00D-00'00'48'',10'05'18'' 2017-07-12
其他类异常,10'05'42'' 2017-07-12~10'06'10'' 2017-07-12,00D-00'00'28'',10'06'10'' 2017-07-12
其他类异常,10'06'37'' 2017-07-12~10'07'12'' 2017-07-12,00D-00'00'35'',10'07'12'' 2017-07-12
其他类异常,10'07'37'' 2017-07-12~10'08'07'' 2017-07-12,00D-00'00'30'',10'08'07'' 2017-07-12
其他类异常,10'08'32'' 2017-07-12~10'08'53'' 2017-07-12,00D-00'00'21'',10'08'53'' 2017-07-12
其他类异常,10'09'18'' 2017-07-12~10'09'48'' 2017-07-12,00D-00'00'30'',10'09'48'' 2017-07-12
其他类异常,10'10'15'' 2017-07-12~10'10'58'' 2017-07-12,00D-00'00'43'',10'10'58'' 2017-07-12
其他类异常,10'11'25'' 2017-07-12~10'11'57'' 2017-07-12,00D-00'00'32'',10'11'57'' 2017-07-12
其他类异常,10'12'23'' 2017-07-12~10'12'50'' 2017-07-12,00D-00'00'27'',10'12'50'' 2017-07-12
其他类异常,10'13'13'' 2017-07-12~10'13'41'' 2017-07-12,00D-00'00'28'',10'13'41'' 2017-07-12
异常处理,10'55'59'' 2017-07-12~10'58'17'' 2017-07-12,00D-00'02'18'',10'58'17'' 2017-07-12
首件确认,10'58'49'' 2017-07-12~11'04'45'' 2017-07-12,00D-00'05'56'',11'04'45'' 2017-07-12
首件确认,13'40'28'' 2017-07-12~13'41'53'' 2017-07-12,00D-00'01'25'',13'41'53'' 2017-07-12
首件确认,13'42'20'' 2017-07-12~13'46'53'' 2017-07-12,00D-00'04'33'',13'46'53'' 2017-07-12
首件确认,13'48'10'' 2017-07-12~13'49'01'' 2017-07-12,00D-00'00'51'',13'49'01'' 2017-07-12
首件确认,13'54'32'' 2017-07-12~14'16'07'' 2017-07-12,00D-00'21'35'',14'16'07'' 2017-07-12
首件确认,14'16'59'' 2017-07-12~14'22'25'' 2017-07-12,00D-00'05'26'',14'22'25'' 2017-07-12
首件确认,14'24'55'' 2017-07-12~14'25'34'' 2017-07-12,00D-00'00'39'',14'25'34'' 2017-07-12
首件确认,14'38'42'' 2017-07-12~14'49'07'' 2017-07-12,00D-00'10'25'',14'49'07'' 2017-07-12
首件确认,14'50'04'' 2017-07-12~14'50'54'' 2017-07-12,00D-00'00'50'',14'50'54'' 2017-07-12
首件确认,14'51'40'' 2017-07-12~14'51'51'' 2017-07-12,00D-00'00'11'',14'51'51'' 2017-07-12
首件确认,14'51'53'' 2017-07-12~14'52'03'' 2017-07-12,00D-00'00'10'',14'52'03'' 2017-07-12
首件确认,14'52'50'' 2017-07-12~14'54'00'' 2017-07-12,00D-00'01'10'',14'54'00'' 2017-07-12
首件确认,14'54'45'' 2017-07-12~14'55'08'' 2017-07-12,00D-00'00'23'',14'55'08'' 2017-07-12
首件确认,14'55'54'' 2017-07-12~14'56'24'' 2017-07-12,00D-00'00'30'',14'56'24'' 2017-07-12
首件确认,14'56'55'' 2017-07-12~14'57'15'' 2017-07-12,00D-00'00'20'',14'57'15'' 2017-07-12
首件确认,14'57'46'' 2017-07-12~14'58'13'' 2017-07-12,00D-00'00'27'',14'58'13'' 2017-07-12
首件确认,14'58'40'' 2017-07-12~14'59'04'' 2017-07-12,00D-00'00'24'',14'59'04'' 2017-07-12
首件确认,14'59'31'' 2017-07-12~14'59'57'' 2017-07-12,00D-00'00'26'',14'59'57'' 2017-07-12
首件确认,15'00'21'' 2017-07-12~15'00'53'' 2017-07-12,00D-00'00'32'',15'00'53'' 2017-07-12
首件确认,15'01'20'' 2017-07-12~15'02'34'' 2017-07-12,00D-00'01'14'',15'02'34'' 2017-07-12
首件确认,15'02'56'' 2017-07-12~15'03'25'' 2017-07-12,00D-00'00'29'',15'03'25'' 2017-07-12
首件确认,15'03'51'' 2017-07-12~15'04'20'' 2017-07-12,00D-00'00'29'',15'04'20'' 2017-07-12
首件确认,15'03'51'' 2017-07-12~15'04'20'' 2017-07-1215'05'02'' 2017-07-12,00D-00'00'15'',15'05'02'' 2017-07-12
首件确认,15'05'28'' 2017-07-12~15'05'48'' 2017-07-12,00D-00'00'20'',15'05'48'' 2017-07-12
首件确认,15'05'28'' 2017-07-12~15'05'48'' 2017-07-1215'06'24'' 2017-07-12,00D-00'00'56'',15'06'24'' 2017-07-12
首件确认,15'06'44'' 2017-07-12~15'26'15'' 2017-07-12,00D-00'19'31'',15'26'15'' 2017-07-12
首件确认,15'29'13'' 2017-07-12~15'29'44'' 2017-07-12,00D-00'00'31'',15'29'44'' 2017-07-12
首件确认,15'44'44'' 2017-07-12~15'46'42'' 2017-07-12,00D-00'01'58'',15'46'42'' 2017-07-12
首件确认,10'45'03'' 2017-07-13~10'45'07'' 2017-07-13,00D-00'00'04'',10'45'07'' 2017-07-13
首件确认,10'45'11'' 2017-07-13~10'45'25'' 2017-07-13,00D-00'00'14'',10'45'25'' 2017-07-13
首件确认,10'45'30'' 2017-07-13~10'45'47'' 2017-07-13,00D-00'00'17'',10'45'47'' 2017-07-13
首件确认,10'46'01'' 2017-07-13~10'51'47'' 2017-07-13,00D-00'05'46'',10'51'47'' 2017-07-13
首件确认,10'56'11'' 2017-07-13~10'57'36'' 2017-07-13,00D-00'01'25'',10'57'36'' 2017-07-13
首件确认,10'58'02'' 2017-07-13~11'05'03'' 2017-07-13,00D-00'07'01'',11'05'03'' 2017-07-13
首件确认,11'05'32'' 2017-07-13~11'05'42'' 2017-07-13,00D-00'00'10'',11'05'42'' 2017-07-13
首件确认,10'33'59'' 2017-07-15~10'34'11'' 2017-07-15,00D-00'00'12'',10'34'11'' 2017-07-15
首件确认,10'34'29'' 2017-07-15~10'36'54'' 2017-07-15,00D-00'02'25'',10'36'54'' 2017-07-15
首件确认,10'37'50'' 2017-07-15~10'38'42'' 2017-07-15,00D-00'00'52'',10'38'42'' 2017-07-15
首件确认,10'39'17'' 2017-07-15~10'40'02'' 2017-07-15,00D-00'00'45'',10'40'02'' 2017-07-15
首件确认,10'40'11'' 2017-07-15~10'41'55'' 2017-07-15,00D-00'01'44'',10'41'55'' 2017-07-15
首件确认,10'42'22'' 2017-07-15~10'53'25'' 2017-07-15,00D-00'11'03'',10'53'25'' 2017-07-15
首件确认,10'54'00'' 2017-07-15~10'56'21'' 2017-07-15,00D-00'02'21'',10'56'21'' 2017-07-15
首件确认,10'56'43'' 2017-07-15~10'57'22'' 2017-07-15,00D-00'00'39'',10'57'22'' 2017-07-15
首件确认,10'58'04'' 2017-07-15~11'00'04'' 2017-07-15,00D-00'02'00'',11'00'04'' 2017-07-15
首件确认,11'00'46'' 2017-07-15~11'11'39'' 2017-07-15,00D-00'10'53'',11'11'39'' 2017-07-15
首件确认,11'00'46'' 2017-07-15~11'11'39'' 2017-07-1511'13'32'' 2017-07-15,00D-00'12'46'',11'13'32'' 2017-07-15
首件确认,11'13'52'' 2017-07-15~11'14'45'' 2017-07-15,00D-00'00'53'',11'14'45'' 2017-07-15
首件确认,11'15'29'' 2017-07-15~13'51'56'' 2017-07-15,00D-02'36'27'',13'51'56'' 2017-07-15
首件确认,13'52'41'' 2017-07-15~13'54'53'' 2017-07-15,00D-00'02'12'',13'54'53'' 2017-07-15
首件确认,13'55'00'' 2017-07-15~13'55'14'' 2017-07-15,00D-00'00'14'',13'55'14'' 2017-07-15
首件确认,13'55'41'' 2017-07-15~14'17'14'' 2017-07-15,00D-00'21'33'',14'17'14'' 2017-07-15
首件确认,14'17'42'' 2017-07-15~14'17'45'' 2017-07-15,00D-00'00'03'',14'17'45'' 2017-07-15
首件确认,11'06'31'' 2017-07-16~11'23'39'' 2017-07-16,00D-00'17'08'',11'23'39'' 2017-07-16
首件确认,11'24'09'' 2017-07-16~11'25'17'' 2017-07-16,00D-00'01'08'',11'25'17'' 2017-07-16
首件确认,11'25'30'' 2017-07-16~11'26'06'' 2017-07-16,00D-00'00'36'',11'26'06'' 2017-07-16
首件确认,11'26'40'' 2017-07-16~11'29'53'' 2017-07-16,00D-00'03'13'',11'29'53'' 2017-07-16
首件确认,11'30'48'' 2017-07-16~11'31'51'' 2017-07-16,00D-00'01'03'',11'31'51'' 2017-07-16
首件确认,11'32'12'' 2017-07-16~11'36'01'' 2017-07-16,00D-00'03'49'',11'36'01'' 2017-07-16
首件确认,11'39'10'' 2017-07-16~11'40'26'' 2017-07-16,00D-00'01'16'',11'40'26'' 2017-07-16
首件确认,11'40'56'' 2017-07-16~11'43'54'' 2017-07-16,00D-00'02'58'',11'43'54'' 2017-07-16
首件确认,11'44'45'' 2017-07-16~11'46'05'' 2017-07-16,00D-00'01'20'',11'46'05'' 2017-07-16
首件确认,11'46'43'' 2017-07-16~11'47'45'' 2017-07-16,00D-00'01'02'',11'47'45'' 2017-07-16
首件确认,13'57'52'' 2017-07-16~14'18'39'' 2017-07-16,00D-00'20'47'',14'18'39'' 2017-07-16
首件确认,14'19'41'' 2017-07-16~14'20'04'' 2017-07-16,00D-00'00'23'',14'20'04'' 2017-07-16
首件确认,14'20'14'' 2017-07-16~14'20'48'' 2017-07-16,00D-00'00'34'',14'20'48'' 2017-07-16
其他类异常,09'45'18'' 2017-07-17~09'54'24'' 2017-07-17,00D-00'09'06'',09'54'24'' 2017-07-17
其他类异常,09'54'34'' 2017-07-17~09'55'30'' 2017-07-17,00D-00'00'56'',09'55'30'' 2017-07-17
其他类异常,09'56'10'' 2017-07-17~09'56'35'' 2017-07-17,00D-00'00'25'',09'56'35'' 2017-07-17
其他类异常,09'57'01'' 2017-07-17~09'58'39'' 2017-07-17,00D-00'01'38'',09'58'39'' 2017-07-17
其他类异常,09'59'18'' 2017-07-17~10'07'07'' 2017-07-17,00D-00'07'49'',10'07'07'' 2017-07-17
其他类异常,10'07'35'' 2017-07-17~10'08'46'' 2017-07-17,00D-00'01'11'',10'08'46'' 2017-07-17
其他类异常,10'09'20'' 2017-07-17~10'11'26'' 2017-07-17,00D-00'02'06'',10'11'26'' 2017-07-17
其他类异常,10'12'01'' 2017-07-17~10'14'31'' 2017-07-17,00D-00'02'30'',10'14'31'' 2017-07-17
其他类异常,10'15'25'' 2017-07-17~10'17'26'' 2017-07-17,00D-00'02'01'',10'17'26'' 2017-07-17
其他类异常,10'18'09'' 2017-07-17~10'35'07'' 2017-07-17,00D-00'16'58'',10'35'07'' 2017-07-17
其他类异常,10'35'27'' 2017-07-17~10'50'27'' 2017-07-17,00D-00'15'00'',10'50'27'' 2017-07-17
其他类异常,10'50'31'' 2017-07-17~10'57'25'' 2017-07-17,00D-00'06'54'',10'57'25'' 2017-07-17
其他类异常,10'57'58'' 2017-07-17~10'59'24'' 2017-07-17,00D-00'01'26'',10'59'24'' 2017-07-17
其他类异常,11'01'12'' 2017-07-17~11'21'56'' 2017-07-17,00D-00'20'44'',11'21'56'' 2017-07-17
其他类异常,11'22'33'' 2017-07-17~11'26'31'' 2017-07-17,00D-00'03'58'',11'26'31'' 2017-07-17
其他类异常,11'27'07'' 2017-07-17~11'27'53'' 2017-07-17,00D-00'00'46'',11'27'53'' 2017-07-17
其他类异常,11'28'17'' 2017-07-17~11'32'19'' 2017-07-17,00D-00'04'02'',11'32'19'' 2017-07-17
其他类异常,11'32'36'' 2017-07-17~13'37'18'' 2017-07-17,00D-02'04'42'',13'37'18'' 2017-07-17
其他类异常,13'37'41'' 2017-07-17~13'40'17'' 2017-07-17,00D-00'02'36'',13'40'17'' 2017-07-17
其他类异常,13'40'52'' 2017-07-17~13'44'47'' 2017-07-17,00D-00'03'55'',13'44'47'' 2017-07-17
其他类异常,13'45'20'' 2017-07-17~13'47'11'' 2017-07-17,00D-00'01'51'',13'47'11'' 2017-07-17
其他类异常,13'47'37'' 2017-07-17~13'49'15'' 2017-07-17,00D-00'01'38'',13'49'15'' 2017-07-17
其他类异常,13'49'49'' 2017-07-17~13'52'02'' 2017-07-17,00D-00'02'13'',13'52'02'' 2017-07-17
其他类异常,13'52'40'' 2017-07-17~13'54'13'' 2017-07-17,00D-00'01'33'',13'54'13'' 2017-07-17
其他类异常,13'54'35'' 2017-07-17~13'56'17'' 2017-07-17,00D-00'01'42'',13'56'17'' 2017-07-17
其他类异常,13'58'09'' 2017-07-17~14'00'26'' 2017-07-17,00D-00'02'17'',14'00'26'' 2017-07-17
其他类异常,14'01'08'' 2017-07-17~14'49'59'' 2017-07-17,00D-00'48'51'',14'49'59'' 2017-07-17
其他类异常,14'50'39'' 2017-07-17~15'05'34'' 2017-07-17,00D-00'14'55'',15'05'34'' 2017-07-17
其他类异常,15'06'08'' 2017-07-17~15'07'34'' 2017-07-17,00D-00'01'26'',15'07'34'' 2017-07-17
其他类异常,15'08'17'' 2017-07-17~15'09'41'' 2017-07-17,00D-00'01'24'',15'09'41'' 2017-07-17
其他类异常,15'12'37'' 2017-07-17~15'20'01'' 2017-07-17,00D-00'07'24'',15'20'01'' 2017-07-17
其他类异常,15'20'34'' 2017-07-17~15'22'50'' 2017-07-17,00D-00'02'16'',15'22'50'' 2017-07-17
其他类异常,15'23'28'' 2017-07-17~15'24'41'' 2017-07-17,00D-00'01'13'',15'24'41'' 2017-07-17
首件确认,15'25'22'' 2017-07-17~15'27'57'' 2017-07-17,00D-00'02'35'',15'27'57'' 2017-07-17
首件确认,15'28'28'' 2017-07-17~15'30'04'' 2017-07-17,00D-00'01'36'',15'30'04'' 2017-07-17
首件确认,15'30'29'' 2017-07-17~15'31'56'' 2017-07-17,00D-00'01'27'',15'31'56'' 2017-07-17
首件确认,15'32'35'' 2017-07-17~15'36'30'' 2017-07-17,00D-00'03'55'',15'36'30'' 2017-07-17
首件确认,15'37'09'' 2017-07-17~15'40'22'' 2017-07-17,00D-00'03'13'',15'40'22'' 2017-07-17
其他类异常,15'57'41'' 2017-07-17~15'58'48'' 2017-07-17,00D-00'01'07'',15'58'48'' 2017-07-17
其他类异常,16'00'11'' 2017-07-17~16'01'35'' 2017-07-17,00D-00'01'24'',16'01'35'' 2017-07-17
其他类异常,16'25'26'' 2017-07-17~16'28'45'' 2017-07-17,00D-00'03'19'',16'28'45'' 2017-07-17
其他类异常,16'30'12'' 2017-07-17~16'31'50'' 2017-07-17,00D-00'01'38'',16'31'50'' 2017-07-17
其他类异常,16'32'46'' 2017-07-17~16'34'03'' 2017-07-17,00D-00'01'17'',16'34'03'' 2017-07-17
其他类异常,16'50'26'' 2017-07-17~16'52'04'' 2017-07-17,00D-00'01'38'',16'52'04'' 2017-07-17
其他类异常,16'52'40'' 2017-07-17~16'55'25'' 2017-07-17,00D-00'02'45'',16'55'25'' 2017-07-17
其他类异常,16'56'00'' 2017-07-17~16'58'02'' 2017-07-17,00D-00'02'02'',16'58'02'' 2017-07-17
其他类异常,16'58'32'' 2017-07-17~16'59'39'' 2017-07-17,00D-00'01'07'',16'59'39'' 2017-07-17
其他类异常,17'00'19'' 2017-07-17~17'03'20'' 2017-07-17,00D-00'03'01'',17'03'20'' 2017-07-17
其他类异常,17'04'01'' 2017-07-17~17'05'21'' 2017-07-17,00D-00'01'20'',17'05'21'' 2017-07-17
其他类异常,17'07'04'' 2017-07-17~17'30'23'' 2017-07-17,00D-00'23'19'',17'30'23'' 2017-07-17
其他类异常,17'47'28'' 2017-07-17~17'47'42'' 2017-07-17,00D-00'00'14'',17'47'42'' 2017-07-17
其他类异常,17'48'02'' 2017-07-17~17'48'56'' 2017-07-17,00D-00'00'54'',17'48'56'' 2017-07-17
其他类异常,17'48'56'' 2017-07-17~17'49'15'' 2017-07-17,00D-00'00'19'',17'49'15'' 2017-07-17
其他类异常,17'49'20'' 2017-07-17~17'50'18'' 2017-07-17,00D-00'00'58'',17'50'18'' 2017-07-17
其他类异常,09'39'07'' 2017-07-18~09'55'56'' 2017-07-18,00D-00'16'49'',09'55'56'' 2017-07-18
其他类异常,10'07'30'' 2017-07-18~10'12'35'' 2017-07-18,00D-00'05'05'',10'12'35'' 2017-07-18
其他类异常,10'12'58'' 2017-07-18~10'14'32'' 2017-07-18,00D-00'01'34'',10'14'32'' 2017-07-18
其他类异常,10'15'12'' 2017-07-18~10'16'37'' 2017-07-18,00D-00'01'25'',10'16'37'' 2017-07-18
其他类异常,10'16'55'' 2017-07-18~10'18'37'' 2017-07-18,00D-00'01'42'',10'18'37'' 2017-07-18
其他类异常,10'19'03'' 2017-07-18~10'21'55'' 2017-07-18,00D-00'02'52'',10'21'55'' 2017-07-18
其他类异常,10'22'37'' 2017-07-18~10'23'46'' 2017-07-18,00D-00'01'09'',10'23'46'' 2017-07-18
其他类异常,10'24'20'' 2017-07-18~10'31'51'' 2017-07-18,00D-00'07'31'',10'31'51'' 2017-07-18
其他类异常,10'32'27'' 2017-07-18~10'45'00'' 2017-07-18,00D-00'12'33'',10'45'00'' 2017-07-18
其他类异常,10'45'20'' 2017-07-18~10'46'17'' 2017-07-18,00D-00'00'57'',10'46'17'' 2017-07-18
其他类异常,10'46'46'' 2017-07-18~13'49'33'' 2017-07-18,00D-03'02'47'',13'49'33'' 2017-07-18
其他类异常,13'50'08'' 2017-07-18~14'32'25'' 2017-07-18,00D-00'42'17'',14'32'25'' 2017-07-18
其他类异常,14'33'00'' 2017-07-18~14'33'38'' 2017-07-18,00D-00'00'38'',14'33'38'' 2017-07-18
其他类异常,14'34'09'' 2017-07-18~14'35'47'' 2017-07-18,00D-00'01'38'',14'35'47'' 2017-07-18
其他类异常,14'36'47'' 2017-07-18~14'41'45'' 2017-07-18,00D-00'04'58'',14'41'45'' 2017-07-18
其他类异常,14'42'21'' 2017-07-18~14'43'54'' 2017-07-18,00D-00'01'33'',14'43'54'' 2017-07-18
其他类异常,14'44'53'' 2017-07-18~14'52'32'' 2017-07-18,00D-00'07'39'',14'52'32'' 2017-07-18
其他类异常,14'52'59'' 2017-07-18~14'54'33'' 2017-07-18,00D-00'01'34'',14'54'33'' 2017-07-18
其他类异常,14'56'44'' 2017-07-18~15'10'56'' 2017-07-18,00D-00'14'12'',15'10'56'' 2017-07-18
其他类异常,15'11'11'' 2017-07-18~15'19'18'' 2017-07-18,00D-00'08'07'',15'19'18'' 2017-07-18
其他类异常,15'19'57'' 2017-07-18~15'20'19'' 2017-07-18,00D-00'00'22'',15'20'19'' 2017-07-18
其他类异常,15'21'00'' 2017-07-18~15'23'05'' 2017-07-18,00D-00'02'05'',15'23'05'' 2017-07-18
其他类异常,16'26'19'' 2017-07-18~16'40'17'' 2017-07-18,00D-00'13'58'',16'40'17'' 2017-07-18
其他类异常,16'40'28'' 2017-07-18~16'41'11'' 2017-07-18,00D-00'00'43'',16'41'11'' 2017-07-18
其他类异常,09'00'10'' 2017-07-19~09'02'55'' 2017-07-19,00D-00'02'45'',09'02'55'' 2017-07-19
其他类异常,09'02'57'' 2017-07-19~09'03'07'' 2017-07-19,00D-00'00'10'',09'03'07'' 2017-07-19
其他类异常,09'04'04'' 2017-07-19~09'05'56'' 2017-07-19,00D-00'01'52'',09'05'56'' 2017-07-19
其他类异常,09'06'36'' 2017-07-19~09'08'17'' 2017-07-19,00D-00'01'41'',09'08'17'' 2017-07-19
其他类异常,09'08'52'' 2017-07-19~09'12'03'' 2017-07-19,00D-00'03'11'',09'12'03'' 2017-07-19
其他类异常,09'12'37'' 2017-07-19~09'15'43'' 2017-07-19,00D-00'03'06'',09'15'43'' 2017-07-19
首件确认,09'16'20'' 2017-07-19~09'17'08'' 2017-07-19,00D-00'00'48'',09'17'08'' 2017-07-19
首件确认,09'17'55'' 2017-07-19~09'18'43'' 2017-07-19,00D-00'00'48'',09'18'43'' 2017-07-19
首件确认,09'19'16'' 2017-07-19~09'35'58'' 2017-07-19,00D-00'16'42'',09'35'58'' 2017-07-19
首件确认,09'36'37'' 2017-07-19~09'47'14'' 2017-07-19,00D-00'10'37'',09'47'14'' 2017-07-19
首件确认,10'52'05'' 2017-07-19~10'57'44'' 2017-07-19,00D-00'05'39'',10'57'44'' 2017-07-19
首件确认,11'43'05'' 2017-07-19~13'55'09'' 2017-07-19,00D-02'12'04'',13'55'09'' 2017-07-19
首件确认,13'56'00'' 2017-07-19~13'56'27'' 2017-07-19,00D-00'00'27'',13'56'27'' 2017-07-19
首件确认,13'57'03'' 2017-07-19~13'57'30'' 2017-07-19,00D-00'00'27'',13'57'30'' 2017-07-19
首件确认,13'58'43'' 2017-07-19~13'59'03'' 2017-07-19,00D-00'00'20'',13'59'03'' 2017-07-19
首件确认,14'08'12'' 2017-07-19~14'09'26'' 2017-07-19,00D-00'01'14'',14'09'26'' 2017-07-19
首件确认,14'10'01'' 2017-07-19~14'16'02'' 2017-07-19,00D-00'06'01'',14'16'02'' 2017-07-19
首件确认,14'10'01'' 2017-07-19~14'16'02'' 2017-07-1914'16'18'' 2017-07-19,00D-00'00'00'',14'16'18'' 2017-07-19
首件确认,14'16'20'' 2017-07-19~14'17'01'' 2017-07-19,00D-00'00'41'',14'17'01'' 2017-07-19
首件确认,14'17'31'' 2017-07-19~14'23'31'' 2017-07-19,00D-00'06'00'',14'23'31'' 2017-07-19
首件确认,14'23'49'' 2017-07-19~14'25'10'' 2017-07-19,00D-00'01'21'',14'25'10'' 2017-07-19
首件确认,14'25'30'' 2017-07-19~14'27'38'' 2017-07-19,00D-00'02'08'',14'27'38'' 2017-07-19
首件确认,14'28'04'' 2017-07-19~14'30'47'' 2017-07-19,00D-00'02'43'',14'30'47'' 2017-07-19
首件确认,14'31'19'' 2017-07-19~14'31'48'' 2017-07-19,00D-00'00'29'',14'31'48'' 2017-07-19
首件确认,15'09'01'' 2017-07-19~15'18'30'' 2017-07-19,00D-00'09'29'',15'18'30'' 2017-07-19
首件确认,15'19'16'' 2017-07-19~15'20'25'' 2017-07-19,00D-00'01'09'',15'20'25'' 2017-07-19
首件确认,15'21'27'' 2017-07-19~15'21'41'' 2017-07-19,00D-00'00'14'',15'21'41'' 2017-07-19
首件确认,16'42'17'' 2017-07-19~16'51'34'' 2017-07-19,00D-00'09'17'',16'51'34'' 2017-07-19
其他类异常,16'54'18'' 2017-07-19~17'10'59'' 2017-07-19,00D-00'16'41'',17'10'59'' 2017-07-19
其他类异常,17'12'16'' 2017-07-19~17'32'50'' 2017-07-19,00D-00'20'34'',17'32'50'' 2017-07-19
其他类异常,17'33'06'' 2017-07-19~17'33'31'' 2017-07-19,00D-00'00'25'',17'33'31'' 2017-07-19
其他类异常,17'33'57'' 2017-07-19~17'35'49'' 2017-07-19,00D-00'01'52'',17'35'49'' 2017-07-19
其他类异常,17'36'11'' 2017-07-19~17'44'36'' 2017-07-19,00D-00'08'25'',17'44'36'' 2017-07-19
其他类异常,17'36'11'' 2017-07-19~17'44'36'' 2017-07-1917'48'10'' 2017-07-19,00D-00'11'59'',17'48'10'' 2017-07-19
其他类异常,17'48'35'' 2017-07-19~17'53'40'' 2017-07-19,00D-00'05'05'',17'53'40'' 2017-07-19
其他类异常,17'55'52'' 2017-07-19~17'56'17'' 2017-07-19,00D-00'00'25'',17'56'17'' 2017-07-19
其他类异常,17'57'13'' 2017-07-19~18'02'05'' 2017-07-19,00D-00'04'52'',18'02'05'' 2017-07-19
其他类异常,18'02'31'' 2017-07-19~18'26'33'' 2017-07-19,00D-00'24'02'',18'26'33'' 2017-07-19
其他类异常,18'26'58'' 2017-07-19~18'36'48'' 2017-07-19,00D-00'09'50'',18'36'48'' 2017-07-19
其他类异常,18'37'20'' 2017-07-19~18'37'46'' 2017-07-19,00D-00'00'26'',18'37'46'' 2017-07-19
其他类异常,18'40'01'' 2017-07-19~18'50'31'' 2017-07-19,00D-00'10'30'',18'50'31'' 2017-07-19
其他类异常,18'50'57'' 2017-07-19~19'17'12'' 2017-07-19,00D-00'26'15'',19'17'12'' 2017-07-19
其他类异常,19'17'12'' 2017-07-19~19'18'58'' 2017-07-19,00D-00'01'46'',19'18'58'' 2017-07-19
其他类异常,19'19'25'' 2017-07-19~19'28'25'' 2017-07-19,00D-00'09'00'',19'28'25'' 2017-07-19
其他类异常,19'28'55'' 2017-07-19~19'31'49'' 2017-07-19,00D-00'02'54'',19'31'49'' 2017-07-19
其他类异常,19'32'18'' 2017-07-19~19'34'09'' 2017-07-19,00D-00'01'51'',19'34'09'' 2017-07-19
其他类异常,19'34'14'' 2017-07-19~19'36'48'' 2017-07-19,00D-00'02'34'',19'36'48'' 2017-07-19
其他类异常,19'37'30'' 2017-07-19~19'38'53'' 2017-07-19,00D-00'01'23'',19'38'53'' 2017-07-19
其他类异常,19'39'21'' 2017-07-19~19'41'09'' 2017-07-19,00D-00'01'48'',19'41'09'' 2017-07-19
其他类异常,19'43'21'' 2017-07-19~19'44'34'' 2017-07-19,00D-00'01'13'',19'44'34'' 2017-07-19
其他类异常,19'45'34'' 2017-07-19~19'54'52'' 2017-07-19,00D-00'09'18'',19'54'52'' 2017-07-19
其他类异常,19'55'20'' 2017-07-19~19'57'20'' 2017-07-19,00D-00'02'00'',19'57'20'' 2017-07-19
其他类异常,19'57'47'' 2017-07-19~19'58'52'' 2017-07-19,00D-00'01'05'',19'58'52'' 2017-07-19
其他类异常,19'59'08'' 2017-07-19~20'00'22'' 2017-07-19,00D-00'01'14'',20'00'22'' 2017-07-19
其他类异常,20'03'19'' 2017-07-19~20'03'53'' 2017-07-19,00D-00'00'34'',20'03'53'' 2017-07-19
其他类异常,20'03'19'' 2017-07-19~20'03'53'' 2017-07-1920'04'23'' 2017-07-19,00D-00'00'00'',20'04'23'' 2017-07-19
其他类异常,20'04'32'' 2017-07-19~20'06'20'' 2017-07-19,00D-00'01'48'',20'06'20'' 2017-07-19
其他类异常,10'05'52'' 2017-07-24~10'06'24'' 2017-07-24,00D-00'00'32'',10'06'24'' 2017-07-24
其他类异常,10'06'58'' 2017-07-24~10'09'11'' 2017-07-24,00D-00'02'13'',10'09'11'' 2017-07-24
其他类异常,10'09'44'' 2017-07-24~10'16'10'' 2017-07-24,00D-00'06'26'',10'16'10'' 2017-07-24
其他类异常,10'16'27'' 2017-07-24~10'16'38'' 2017-07-24,00D-00'00'11'',10'16'38'' 2017-07-24
其他类异常,10'17'16'' 2017-07-24~10'17'58'' 2017-07-24,00D-00'00'42'',10'17'58'' 2017-07-24
其他类异常,10'18'55'' 2017-07-24~10'20'23'' 2017-07-24,00D-00'01'28'',10'20'23'' 2017-07-24
其他类异常,10'20'51'' 2017-07-24~10'23'40'' 2017-07-24,00D-00'02'49'',10'23'40'' 2017-07-24
其他类异常,10'23'43'' 2017-07-24~10'24'14'' 2017-07-24,00D-00'00'31'',10'24'14'' 2017-07-24
其他类异常,10'24'41'' 2017-07-24~10'26'22'' 2017-07-24,00D-00'01'41'',10'26'22'' 2017-07-24
其他类异常,10'26'37'' 2017-07-24~10'26'52'' 2017-07-24,00D-00'00'15'',10'26'52'' 2017-07-24
其他类异常,10'27'03'' 2017-07-24~10'27'09'' 2017-07-24,00D-00'00'06'',10'27'09'' 2017-07-24
其他类异常,10'27'56'' 2017-07-24~10'38'47'' 2017-07-24,00D-00'10'51'',10'38'47'' 2017-07-24
其他类异常,10'39'08'' 2017-07-24~10'58'52'' 2017-07-24,00D-00'19'44'',10'58'52'' 2017-07-24
其他类异常,10'59'25'' 2017-07-24~11'01'55'' 2017-07-24,00D-00'02'30'',11'01'55'' 2017-07-24
其他类异常,11'02'26'' 2017-07-24~11'03'25'' 2017-07-24,00D-00'00'59'',11'03'25'' 2017-07-24
其他类异常,11'03'49'' 2017-07-24~11'07'16'' 2017-07-24,00D-00'03'27'',11'07'16'' 2017-07-24
其他类异常,11'07'20'' 2017-07-24~11'08'35'' 2017-07-24,00D-00'01'15'',11'08'35'' 2017-07-24
其他类异常,11'09'07'' 2017-07-24~11'10'41'' 2017-07-24,00D-00'01'34'',11'10'41'' 2017-07-24
其他类异常,11'11'09'' 2017-07-24~11'14'46'' 2017-07-24,00D-00'03'37'',11'14'46'' 2017-07-24
其他类异常,11'15'14'' 2017-07-24~11'17'47'' 2017-07-24,00D-00'02'33'',11'17'47'' 2017-07-24
其他类异常,11'17'59'' 2017-07-24~11'19'13'' 2017-07-24,00D-00'01'14'',11'19'13'' 2017-07-24
其他类异常,11'19'30'' 2017-07-24~11'20'08'' 2017-07-24,00D-00'00'38'',11'20'08'' 2017-07-24
其他类异常,11'21'21'' 2017-07-24~11'21'39'' 2017-07-24,00D-00'00'18'',11'21'39'' 2017-07-24
其他类异常,11'22'43'' 2017-07-24~11'24'34'' 2017-07-24,00D-00'01'51'',11'24'34'' 2017-07-24
其他类异常,11'25'36'' 2017-07-24~11'36'40'' 2017-07-24,00D-00'11'04'',11'36'40'' 2017-07-24
其他类异常,11'25'36'' 2017-07-24~11'36'40'' 2017-07-2411'41'11'' 2017-07-24,00D-00'15'35'',11'41'11'' 2017-07-24
其他类异常,11'42'02'' 2017-07-24~11'43'03'' 2017-07-24,00D-00'01'01'',11'43'03'' 2017-07-24
其他类异常,11'43'49'' 2017-07-24~11'46'04'' 2017-07-24,00D-00'02'15'',11'46'04'' 2017-07-24
其他类异常,11'46'17'' 2017-07-24~11'54'03'' 2017-07-24,00D-00'07'46'',11'54'03'' 2017-07-24
其他类异常,11'54'49'' 2017-07-24~11'55'00'' 2017-07-24,00D-00'00'11'',11'55'00'' 2017-07-24
其他类异常,11'55'07'' 2017-07-24~13'40'16'' 2017-07-24,00D-01'45'09'',13'40'16'' 2017-07-24
其他类异常,13'41'11'' 2017-07-24~13'50'47'' 2017-07-24,00D-00'09'36'',13'50'47'' 2017-07-24
其他类异常,13'51'59'' 2017-07-24~14'00'47'' 2017-07-24,00D-00'08'48'',14'00'47'' 2017-07-24
其他类异常,14'02'04'' 2017-07-24~14'09'22'' 2017-07-24,00D-00'07'18'',14'09'22'' 2017-07-24
其他类异常,14'10'44'' 2017-07-24~14'15'30'' 2017-07-24,00D-00'04'46'',14'15'30'' 2017-07-24
其他类异常,14'16'44'' 2017-07-24~14'17'34'' 2017-07-24,00D-00'00'50'',14'17'34'' 2017-07-24
其他类异常,14'18'24'' 2017-07-24~14'21'42'' 2017-07-24,00D-00'03'18'',14'21'42'' 2017-07-24
其他类异常,14'18'24'' 2017-07-24~14'21'42'' 2017-07-2414'22'45'' 2017-07-24,00D-00'00'14'',14'22'45'' 2017-07-24
其他类异常,14'22'48'' 2017-07-24~14'27'54'' 2017-07-24,00D-00'05'06'',14'27'54'' 2017-07-24
其他类异常,14'28'47'' 2017-07-24~14'48'02'' 2017-07-24,00D-00'19'15'',14'48'02'' 2017-07-24
其他类异常,14'48'34'' 2017-07-24~14'58'05'' 2017-07-24,00D-00'09'31'',14'58'05'' 2017-07-24
首件确认,14'58'36'' 2017-07-24~15'00'36'' 2017-07-24,00D-00'02'00'',15'00'36'' 2017-07-24
首件确认,15'01'03'' 2017-07-24~15'03'45'' 2017-07-24,00D-00'02'42'',15'03'45'' 2017-07-24
首件确认,15'04'11'' 2017-07-24~15'07'07'' 2017-07-24,00D-00'02'56'',15'07'07'' 2017-07-24
首件确认,15'07'34'' 2017-07-24~15'11'57'' 2017-07-24,00D-00'04'23'',15'11'57'' 2017-07-24
其他类异常,15'35'31'' 2017-07-24~15'38'44'' 2017-07-24,00D-00'03'13'',15'38'44'' 2017-07-24
首件确认,15'39'22'' 2017-07-24~15'47'58'' 2017-07-24,00D-00'08'36'',15'47'58'' 2017-07-24
首件确认,15'48'32'' 2017-07-24~15'51'23'' 2017-07-24,00D-00'02'51'',15'51'23'' 2017-07-24
首件确认,15'52'04'' 2017-07-24~15'53'09'' 2017-07-24,00D-00'01'05'',15'53'09'' 2017-07-24
首件确认,15'53'46'' 2017-07-24~15'55'11'' 2017-07-24,00D-00'01'25'',15'55'11'' 2017-07-24
首件确认,15'55'50'' 2017-07-24~15'58'44'' 2017-07-24,00D-00'02'54'',15'58'44'' 2017-07-24
首件确认,15'59'12'' 2017-07-24~15'59'45'' 2017-07-24,00D-00'00'33'',15'59'45'' 2017-07-24
首件确认,16'00'08'' 2017-07-24~16'01'55'' 2017-07-24,00D-00'01'47'',16'01'55'' 2017-07-24
首件确认,16'02'31'' 2017-07-24~16'03'27'' 2017-07-24,00D-00'00'56'',16'03'27'' 2017-07-24
首件确认,16'03'31'' 2017-07-24~16'03'44'' 2017-07-24,00D-00'00'13'',16'03'44'' 2017-07-24
首件确认,16'04'35'' 2017-07-24~16'08'02'' 2017-07-24,00D-00'03'27'',16'08'02'' 2017-07-24
首件确认,16'15'45'' 2017-07-24~16'16'07'' 2017-07-24,00D-00'00'22'',16'16'07'' 2017-07-24
首件确认,16'16'15'' 2017-07-24~16'45'22'' 2017-07-24,00D-00'29'07'',16'45'22'' 2017-07-24
首件确认,16'46'38'' 2017-07-24~16'50'02'' 2017-07-24,00D-00'03'24'',16'50'02'' 2017-07-24
首件确认,16'50'20'' 2017-07-24~16'50'34'' 2017-07-24,00D-00'00'14'',16'50'34'' 2017-07-24
首件确认,16'50'54'' 2017-07-24~16'51'55'' 2017-07-24,00D-00'01'01'',16'51'55'' 2017-07-24
首件确认,16'52'01'' 2017-07-24~16'57'19'' 2017-07-24,00D-00'05'18'',16'57'19'' 2017-07-24
首件确认,16'57'45'' 2017-07-24~16'59'46'' 2017-07-24,00D-00'02'01'',16'59'46'' 2017-07-24
首件确认,17'00'08'' 2017-07-24~17'01'24'' 2017-07-24,00D-00'01'16'',17'01'24'' 2017-07-24
首件确认,17'01'48'' 2017-07-24~17'02'06'' 2017-07-24,00D-00'00'18'',17'02'06'' 2017-07-24
首件确认,17'02'17'' 2017-07-24~17'04'21'' 2017-07-24,00D-00'02'04'',17'04'21'' 2017-07-24
首件确认,17'04'45'' 2017-07-24~17'07'07'' 2017-07-24,00D-00'02'22'',17'07'07'' 2017-07-24
首件确认,17'07'37'' 2017-07-24~17'08'22'' 2017-07-24,00D-00'00'45'',17'08'22'' 2017-07-24
首件确认,17'08'45'' 2017-07-24~17'21'06'' 2017-07-24,00D-00'12'21'',17'21'06'' 2017-07-24
首件确认,17'21'24'' 2017-07-24~17'27'42'' 2017-07-24,00D-00'06'18'',17'27'42'' 2017-07-24
首件确认,17'28'20'' 2017-07-24~17'28'43'' 2017-07-24,00D-00'00'23'',17'28'43'' 2017-07-24
首件确认,17'29'14'' 2017-07-24~17'29'29'' 2017-07-24,00D-00'00'15'',17'29'29'' 2017-07-24
首件确认,17'29'47'' 2017-07-24~17'31'45'' 2017-07-24,00D-00'01'58'',17'31'45'' 2017-07-24
首件确认,17'32'07'' 2017-07-24~17'35'19'' 2017-07-24,00D-00'03'12'',17'35'19'' 2017-07-24
首件确认,17'35'38'' 2017-07-24~17'35'47'' 2017-07-24,00D-00'00'09'',17'35'47'' 2017-07-24
首件确认,17'36'13'' 2017-07-24~17'37'41'' 2017-07-24,00D-00'01'28'',17'37'41'' 2017-07-24
首件确认,17'38'09'' 2017-07-24~17'39'47'' 2017-07-24,00D-00'01'38'',17'39'47'' 2017-07-24
首件确认,17'40'15'' 2017-07-24~17'47'15'' 2017-07-24,00D-00'07'00'',17'47'15'' 2017-07-24
首件确认,17'47'47'' 2017-07-24~17'52'44'' 2017-07-24,00D-00'04'57'',17'52'44'' 2017-07-24
首件确认,17'53'09'' 2017-07-24~17'55'15'' 2017-07-24,00D-00'02'06'',17'55'15'' 2017-07-24
首件确认,17'55'39'' 2017-07-24~17'57'53'' 2017-07-24,00D-00'02'14'',17'57'53'' 2017-07-24
其他类异常,18'30'53'' 2017-07-24~18'32'27'' 2017-07-24,00D-00'01'34'',18'32'27'' 2017-07-24
其他类异常,18'33'05'' 2017-07-24~18'33'22'' 2017-07-24,00D-00'00'17'',18'33'22'' 2017-07-24
其他类异常,18'33'43'' 2017-07-24~18'35'01'' 2017-07-24,00D-00'01'18'',18'35'01'' 2017-07-24
其他类异常,18'36'01'' 2017-07-24~18'39'34'' 2017-07-24,00D-00'03'33'',18'39'34'' 2017-07-24
其他类异常,18'40'07'' 2017-07-24~18'43'21'' 2017-07-24,00D-00'03'14'',18'43'21'' 2017-07-24
其他类异常,18'43'52'' 2017-07-24~18'51'52'' 2017-07-24,00D-00'08'00'',18'51'52'' 2017-07-24
其他类异常,18'52'14'' 2017-07-24~18'53'01'' 2017-07-24,00D-00'00'47'',18'53'01'' 2017-07-24
其他类异常,18'53'26'' 2017-07-24~18'54'42'' 2017-07-24,00D-00'01'16'',18'54'42'' 2017-07-24
其他类异常,18'54'45'' 2017-07-24~18'54'52'' 2017-07-24,00D-00'00'07'',18'54'52'' 2017-07-24
其他类异常,18'55'10'' 2017-07-24~18'56'51'' 2017-07-24,00D-00'01'41'',18'56'51'' 2017-07-24
其他类异常,18'56'56'' 2017-07-24~18'57'10'' 2017-07-24,00D-00'00'14'',18'57'10'' 2017-07-24
其他类异常,18'57'36'' 2017-07-24~19'00'22'' 2017-07-24,00D-00'02'46'',19'00'22'' 2017-07-24
其他类异常,19'00'39'' 2017-07-24~19'03'56'' 2017-07-24,00D-00'03'17'',19'03'56'' 2017-07-24
其他类异常,19'04'27'' 2017-07-24~19'08'01'' 2017-07-24,00D-00'03'34'',19'08'01'' 2017-07-24
其他类异常,19'08'26'' 2017-07-24~19'12'01'' 2017-07-24,00D-00'03'35'',19'12'01'' 2017-07-24
其他类异常,19'12'28'' 2017-07-24~19'14'16'' 2017-07-24,00D-00'01'48'',19'14'16'' 2017-07-24
其他类异常,19'35'49'' 2017-07-24~19'38'08'' 2017-07-24,00D-00'02'19'',19'38'08'' 2017-07-24
其他类异常,19'39'38'' 2017-07-24~19'48'21'' 2017-07-24,00D-00'08'43'',19'48'21'' 2017-07-24
其他类异常,19'48'41'' 2017-07-24~19'55'37'' 2017-07-24,00D-00'06'56'',19'55'37'' 2017-07-24
其他类异常,19'56'26'' 2017-07-24~19'56'42'' 2017-07-24,00D-00'00'16'',19'56'42'' 2017-07-24
其他类异常,20'10'20'' 2017-07-24~20'16'00'' 2017-07-24,00D-00'05'40'',20'16'00'' 2017-07-24
其他类异常,20'16'59'' 2017-07-24~20'17'15'' 2017-07-24,00D-00'00'16'',20'17'15'' 2017-07-24
其他类异常,20'25'42'' 2017-07-24~20'36'08'' 2017-07-24,00D-00'10'26'',20'36'08'' 2017-07-24
其他类异常,20'36'54'' 2017-07-24~20'39'36'' 2017-07-24,00D-00'02'42'',20'39'36'' 2017-07-24
其他类异常,20'42'17'' 2017-07-24~20'42'33'' 2017-07-24,00D-00'00'16'',20'42'33'' 2017-07-24
其他类异常,20'59'48'' 2017-07-24~21'00'54'' 2017-07-24,00D-00'01'06'',21'00'54'' 2017-07-24
其他类异常,10'22'11'' 2017-07-25~10'22'57'' 2017-07-25,00D-00'00'46'',10'22'57'' 2017-07-25
其他类异常,10'23'22'' 2017-07-25~10'30'35'' 2017-07-25,00D-00'07'13'',10'30'35'' 2017-07-25
其他类异常,10'33'51'' 2017-07-25~10'36'48'' 2017-07-25,00D-00'02'57'',10'36'48'' 2017-07-25
其他类异常,10'37'17'' 2017-07-25~10'41'09'' 2017-07-25,00D-00'03'52'',10'41'09'' 2017-07-25
首件确认,16'58'07'' 2017-07-25~17'01'13'' 2017-07-25,00D-00'03'06'',17'01'13'' 2017-07-25
首件确认,11'00'53'' 2017-07-30~11'05'39'' 2017-07-30,00D-00'04'46'',11'05'39'' 2017-07-30
首件确认,11'05'58'' 2017-07-30~11'09'20'' 2017-07-30,00D-00'03'22'',11'09'20'' 2017-07-30
首件确认,11'09'42'' 2017-07-30~11'36'46'' 2017-07-30,00D-00'27'04'',11'36'46'' 2017-07-30
首件确认,11'36'47'' 2017-07-30~11'37'03'' 2017-07-30,00D-00'00'16'',11'37'03'' 2017-07-30
首件确认,11'37'36'' 2017-07-30~11'37'51'' 2017-07-30,00D-00'00'15'',11'37'51'' 2017-07-30
首件确认,11'38'10'' 2017-07-30~14'17'45'' 2017-07-30,00D-02'39'35'',14'17'45'' 2017-07-30
首件确认,14'17'51'' 2017-07-30~14'17'58'' 2017-07-30,00D-00'00'07'',14'17'58'' 2017-07-30
首件确认,14'18'30'' 2017-07-30~14'19'47'' 2017-07-30,00D-00'01'17'',14'19'47'' 2017-07-30
首件确认,14'20'06'' 2017-07-30~14'24'59'' 2017-07-30,00D-00'04'53'',14'24'59'' 2017-07-30
首件确认,14'25'31'' 2017-07-30~14'29'17'' 2017-07-30,00D-00'03'46'',14'29'17'' 2017-07-30
首件确认,14'29'43'' 2017-07-30~14'31'52'' 2017-07-30,00D-00'02'09'',14'31'52'' 2017-07-30
首件确认,14'32'24'' 2017-07-30~14'34'47'' 2017-07-30,00D-00'02'23'',14'34'47'' 2017-07-30
首件确认,14'35'41'' 2017-07-30~14'39'13'' 2017-07-30,00D-00'03'32'',14'39'13'' 2017-07-30
首件确认,14'39'38'' 2017-07-30~14'42'28'' 2017-07-30,00D-00'02'50'',14'42'28'' 2017-07-30
首件确认,14'42'52'' 2017-07-30~14'44'47'' 2017-07-30,00D-00'01'55'',14'44'47'' 2017-07-30
首件确认,14'48'19'' 2017-07-30~14'49'00'' 2017-07-30,00D-00'00'41'',14'49'00'' 2017-07-30
首件确认,14'51'33'' 2017-07-30~14'57'19'' 2017-07-30,00D-00'05'46'',14'57'19'' 2017-07-30
首件确认,14'58'00'' 2017-07-30~14'58'15'' 2017-07-30,00D-00'00'15'',14'58'15'' 2017-07-30
首件确认,14'58'28'' 2017-07-30~15'01'51'' 2017-07-30,00D-00'03'23'',15'01'51'' 2017-07-30
首件确认,15'02'38'' 2017-07-30~15'03'05'' 2017-07-30,00D-00'00'27'',15'03'05'' 2017-07-30
首件确认,15'09'38'' 2017-07-30~15'10'51'' 2017-07-30,00D-00'01'13'',15'10'51'' 2017-07-30
首件确认,15'11'52'' 2017-07-30~15'14'34'' 2017-07-30,00D-00'02'42'',15'14'34'' 2017-07-30
首件确认,15'14'57'' 2017-07-30~15'19'04'' 2017-07-30,00D-00'04'07'',15'19'04'' 2017-07-30
首件确认,09'19'56'' 2017-07-31~09'20'11'' 2017-07-31,00D-00'00'15'',09'20'11'' 2017-07-31
首件确认,09'20'39'' 2017-07-31~09'20'48'' 2017-07-31,00D-00'00'09'',09'20'48'' 2017-07-31
首件确认,09'21'14'' 2017-07-31~09'31'50'' 2017-07-31,00D-00'10'36'',09'31'50'' 2017-07-31
首件确认,09'32'19'' 2017-07-31~09'36'07'' 2017-07-31,00D-00'03'48'',09'36'07'' 2017-07-31
首件确认,09'36'34'' 2017-07-31~09'39'21'' 2017-07-31,00D-00'02'47'',09'39'21'' 2017-07-31
首件确认,09'39'45'' 2017-07-31~09'45'04'' 2017-07-31,00D-00'05'19'',09'45'04'' 2017-07-31
首件确认,09'45'55'' 2017-07-31~09'46'16'' 2017-07-31,00D-00'00'21'',09'46'16'' 2017-07-31
首件确认,09'47'02'' 2017-07-31~09'48'33'' 2017-07-31,00D-00'01'31'',09'48'33'' 2017-07-31
首件确认,09'48'43'' 2017-07-31~09'49'36'' 2017-07-31,00D-00'00'53'',09'49'36'' 2017-07-31
首件确认,09'49'52'' 2017-07-31~09'50'17'' 2017-07-31,00D-00'00'25'',09'50'17'' 2017-07-31
首件确认,09'50'31'' 2017-07-31~09'50'55'' 2017-07-31,00D-00'00'24'',09'50'55'' 2017-07-31
首件确认,09'51'09'' 2017-07-31~09'52'01'' 2017-07-31,00D-00'00'52'',09'52'01'' 2017-07-31
首件确认,09'52'15'' 2017-07-31~09'52'27'' 2017-07-31,00D-00'00'12'',09'52'27'' 2017-07-31
首件确认,09'52'41'' 2017-07-31~09'52'49'' 2017-07-31,00D-00'00'08'',09'52'49'' 2017-07-31
首件确认,09'53'03'' 2017-07-31~09'55'14'' 2017-07-31,00D-00'02'11'',09'55'14'' 2017-07-31
首件确认,09'55'26'' 2017-07-31~09'55'42'' 2017-07-31,00D-00'00'16'',09'55'42'' 2017-07-31
首件确认,09'55'57'' 2017-07-31~09'56'06'' 2017-07-31,00D-00'00'09'',09'56'06'' 2017-07-31
首件确认,09'56'22'' 2017-07-31~09'56'26'' 2017-07-31,00D-00'00'04'',09'56'26'' 2017-07-31
首件确认,09'56'40'' 2017-07-31~09'56'46'' 2017-07-31,00D-00'00'06'',09'56'46'' 2017-07-31
首件确认,09'57'02'' 2017-07-31~09'57'10'' 2017-07-31,00D-00'00'08'',09'57'10'' 2017-07-31
首件确认,09'57'26'' 2017-07-31~09'57'36'' 2017-07-31,00D-00'00'10'',09'57'36'' 2017-07-31
首件确认,10'15'35'' 2017-07-31~10'18'02'' 2017-07-31,00D-00'02'27'',10'18'02'' 2017-07-31
首件确认,10'18'34'' 2017-07-31~10'23'23'' 2017-07-31,00D-00'04'49'',10'23'23'' 2017-07-31
首件确认,10'24'00'' 2017-07-31~10'41'19'' 2017-07-31,00D-00'17'19'',10'41'19'' 2017-07-31
首件确认,10'41'38'' 2017-07-31~10'41'50'' 2017-07-31,00D-00'00'12'',10'41'50'' 2017-07-31
首件确认,10'42'32'' 2017-07-31~10'48'46'' 2017-07-31,00D-00'06'14'',10'48'46'' 2017-07-31
首件确认,10'49'16'' 2017-07-31~10'53'21'' 2017-07-31,00D-00'04'05'',10'53'21'' 2017-07-31
首件确认,10'53'58'' 2017-07-31~10'56'36'' 2017-07-31,00D-00'02'38'',10'56'36'' 2017-07-31
首件确认,11'01'38'' 2017-07-31~11'03'36'' 2017-07-31,00D-00'01'58'',11'03'36'' 2017-07-31
首件确认,11'04'12'' 2017-07-31~11'05'03'' 2017-07-31,00D-00'00'51'',11'05'03'' 2017-07-31
首件确认,11'05'28'' 2017-07-31~11'07'34'' 2017-07-31,00D-00'02'06'',11'07'34'' 2017-07-31
首件确认,11'08'15'' 2017-07-31~11'12'13'' 2017-07-31,00D-00'03'58'',11'12'13'' 2017-07-31
首件确认,11'12'54'' 2017-07-31~11'13'57'' 2017-07-31,00D-00'01'03'',11'13'57'' 2017-07-31
首件确认,11'14'15'' 2017-07-31~11'16'02'' 2017-07-31,00D-00'01'47'',11'16'02'' 2017-07-31
首件确认,15'22'48'' 2017-07-31~15'26'18'' 2017-07-31,00D-00'03'30'',15'26'18'' 2017-07-31
首件确认,15'26'38'' 2017-07-31~15'32'45'' 2017-07-31,00D-00'06'07'',15'32'45'' 2017-07-31
首件确认,15'33'29'' 2017-07-31~15'45'37'' 2017-07-31,00D-00'12'08'',15'45'37'' 2017-07-31
首件确认,15'46'11'' 2017-07-31~15'55'30'' 2017-07-31,00D-00'09'19'',15'55'30'' 2017-07-31
首件确认,15'56'05'' 2017-07-31~16'00'27'' 2017-07-31,00D-00'04'22'',16'00'27'' 2017-07-31
首件确认,16'01'01'' 2017-07-31~16'08'54'' 2017-07-31,00D-00'07'53'',16'08'54'' 2017-07-31
首件确认,16'09'24'' 2017-07-31~16'55'17'' 2017-07-31,00D-00'45'53'',16'55'17'' 2017-07-31
首件确认,17'09'17'' 2017-07-31~17'17'27'' 2017-07-31,00D-00'08'10'',17'17'27'' 2017-07-31
首件确认,17'17'58'' 2017-07-31~17'22'46'' 2017-07-31,00D-00'04'48'',17'22'46'' 2017-07-31
首件确认,17'23'14'' 2017-07-31~17'28'37'' 2017-07-31,00D-00'05'23'',17'28'37'' 2017-07-31
首件确认,17'29'03'' 2017-07-31~17'31'15'' 2017-07-31,00D-00'02'12'',17'31'15'' 2017-07-31
首件确认,17'31'38'' 2017-07-31~17'34'37'' 2017-07-31,00D-00'02'59'',17'34'37'' 2017-07-31
首件确认,17'35'15'' 2017-07-31~17'36'24'' 2017-07-31,00D-00'01'09'',17'36'24'' 2017-07-31
首件确认,17'36'48'' 2017-07-31~17'39'50'' 2017-07-31,00D-00'03'02'',17'39'50'' 2017-07-31
首件确认,17'40'10'' 2017-07-31~17'52'27'' 2017-07-31,00D-00'12'17'',17'52'27'' 2017-07-31
首件确认,17'54'16'' 2017-07-31~17'55'05'' 2017-07-31,00D-00'00'49'',17'55'05'' 2017-07-31
首件确认,17'58'24'' 2017-07-31~18'01'56'' 2017-07-31,00D-00'03'32'',18'01'56'' 2017-07-31
首件确认,18'02'38'' 2017-07-31~18'04'52'' 2017-07-31,00D-00'02'14'',18'04'52'' 2017-07-31
首件确认,18'05'12'' 2017-07-31~18'08'10'' 2017-07-31,00D-00'02'58'',18'08'10'' 2017-07-31
首件确认,18'09'13'' 2017-07-31~18'24'22'' 2017-07-31,00D-00'15'09'',18'24'22'' 2017-07-31
首件确认,18'25'32'' 2017-07-31~18'26'10'' 2017-07-31,00D-00'00'38'',18'26'10'' 2017-07-31
首件确认,18'26'35'' 2017-07-31~18'30'02'' 2017-07-31,00D-00'03'27'',18'30'02'' 2017-07-31
首件确认,18'30'35'' 2017-07-31~18'36'03'' 2017-07-31,00D-00'05'28'',18'36'03'' 2017-07-31
首件确认,18'36'55'' 2017-07-31~18'37'12'' 2017-07-31,00D-00'00'17'',18'37'12'' 2017-07-31
首件确认,18'36'55'' 2017-07-31~18'37'12'' 2017-07-3118'37'58'' 2017-07-31,00D-00'01'03'',18'37'58'' 2017-07-31
首件确认,18'38'26'' 2017-07-31~18'40'37'' 2017-07-31,00D-00'02'11'',18'40'37'' 2017-07-31
首件确认,18'40'54'' 2017-07-31~18'42'44'' 2017-07-31,00D-00'01'50'',18'42'44'' 2017-07-31
首件确认,18'43'06'' 2017-07-31~18'48'23'' 2017-07-31,00D-00'05'17'',18'48'23'' 2017-07-31
首件确认,18'48'53'' 2017-07-31~19'00'15'' 2017-07-31,00D-00'11'22'',19'00'15'' 2017-07-31
首件确认,19'00'57'' 2017-07-31~19'04'05'' 2017-07-31,00D-00'03'08'',19'04'05'' 2017-07-31
首件确认,19'04'19'' 2017-07-31~19'04'32'' 2017-07-31,00D-00'00'13'',19'04'32'' 2017-07-31
首件确认,19'04'53'' 2017-07-31~19'05'57'' 2017-07-31,00D-00'01'04'',19'05'57'' 2017-07-31
首件确认,19'12'57'' 2017-07-31~19'15'37'' 2017-07-31,00D-00'02'40'',19'15'37'' 2017-07-31
首件确认,19'15'45'' 2017-07-31~19'16'07'' 2017-07-31,00D-00'00'22'',19'16'07'' 2017-07-31
首件确认,19'17'05'' 2017-07-31~19'17'30'' 2017-07-31,00D-00'00'25'',19'17'30'' 2017-07-31
首件确认,19'19'09'' 2017-07-31~19'19'33'' 2017-07-31,00D-00'00'24'',19'19'33'' 2017-07-31
首件确认,19'20'12'' 2017-07-31~19'21'06'' 2017-07-31,00D-00'00'54'',19'21'06'' 2017-07-31
首件确认,19'21'45'' 2017-07-31~19'22'16'' 2017-07-31,00D-00'00'31'',19'22'16'' 2017-07-31
首件确认,19'30'35'' 2017-07-31~19'31'28'' 2017-07-31,00D-00'00'53'',19'31'28'' 2017-07-31
首件确认,19'36'45'' 2017-07-31~19'37'20'' 2017-07-31,00D-00'00'35'',19'37'20'' 2017-07-31
首件确认,19'36'45'' 2017-07-31~19'37'20'' 2017-07-3119'39'42'' 2017-07-31,00D-00'00'50'',19'39'42'' 2017-07-31
首件确认,19'40'14'' 2017-07-31~19'41'05'' 2017-07-31,00D-00'00'51'',19'41'05'' 2017-07-31
首件确认,19'40'14'' 2017-07-31~19'41'05'' 2017-07-3119'43'41'' 2017-07-31,00D-00'02'11'',19'43'41'' 2017-07-31
首件确认,19'41'30'' 2017-07-31~19'44'17'' 2017-07-31,00D-00'00'19'',19'44'17'' 2017-07-31
首件确认,19'43'58'' 2017-07-31~19'48'53'' 2017-07-31,00D-00'01'07'',19'48'53'' 2017-07-31
首件确认,19'50'21'' 2017-07-31~19'51'21'' 2017-07-31,00D-00'01'00'',19'51'21'' 2017-07-31
首件确认,16'36'56'' 2017-08-01~16'41'22'' 2017-08-01,00D-00'04'26'',16'41'22'' 2017-08-01
首件确认,16'41'59'' 2017-08-01~16'47'11'' 2017-08-01,00D-00'05'12'',16'47'11'' 2017-08-01
首件确认,16'47'37'' 2017-08-01~16'53'15'' 2017-08-01,00D-00'05'38'',16'53'15'' 2017-08-01
首件确认,16'53'35'' 2017-08-01~16'55'45'' 2017-08-01,00D-00'02'10'',16'55'45'' 2017-08-01
首件确认,16'56'52'' 2017-08-01~17'14'55'' 2017-08-01,00D-00'18'03'',17'14'55'' 2017-08-01
首件确认,17'17'46'' 2017-08-01~17'18'57'' 2017-08-01,00D-00'01'11'',17'18'57'' 2017-08-01
首件确认,17'19'30'' 2017-08-01~17'19'51'' 2017-08-01,00D-00'00'21'',17'19'51'' 2017-08-01
首件确认,17'19'30'' 2017-08-01~17'19'51'' 2017-08-0117'21'23'' 2017-08-01,00D-00'00'29'',17'21'23'' 2017-08-01
其他类异常,17'23'02'' 2017-08-01~17'23'31'' 2017-08-01,00D-00'00'29'',17'23'31'' 2017-08-01
其他类异常,17'26'32'' 2017-08-01~17'27'42'' 2017-08-01,00D-00'01'10'',17'27'42'' 2017-08-01
其他类异常,17'26'32'' 2017-08-01~17'27'42'' 2017-08-0117'29'11'' 2017-08-01,00D-00'01'19'',17'29'11'' 2017-08-01
其他类异常,17'29'19'' 2017-08-01~17'30'24'' 2017-08-01,00D-00'01'05'',17'30'24'' 2017-08-01
其他类异常,17'29'19'' 2017-08-01~17'30'24'' 2017-08-0117'33'10'' 2017-08-01,00D-00'01'21'',17'33'10'' 2017-08-01
其他类异常,17'31'49'' 2017-08-01~17'33'33'' 2017-08-01,00D-00'00'18'',17'33'33'' 2017-08-01
其他类异常,17'33'49'' 2017-08-01~17'34'57'' 2017-08-01,00D-00'01'08'',17'34'57'' 2017-08-01
其他类异常,17'33'49'' 2017-08-01~17'34'57'' 2017-08-0117'39'13'' 2017-08-01,00D-00'01'09'',17'39'13'' 2017-08-01
其他类异常,17'38'04'' 2017-08-01~17'43'19'' 2017-08-01,00D-00'01'19'',17'43'19'' 2017-08-01
其他类异常,17'42'00'' 2017-08-01~17'45'15'' 2017-08-01,00D-00'00'50'',17'45'15'' 2017-08-01
其他类异常,17'45'55'' 2017-08-01~17'46'24'' 2017-08-01,00D-00'00'29'',17'46'24'' 2017-08-01
其他类异常,17'45'55'' 2017-08-01~17'46'24'' 2017-08-0117'47'19'' 2017-08-01,00D-00'00'45'',17'47'19'' 2017-08-01
其他类异常,17'51'18'' 2017-08-01~17'51'36'' 2017-08-01,00D-00'00'18'',17'51'36'' 2017-08-01
其他类异常,17'51'47'' 2017-08-01~17'52'27'' 2017-08-01,00D-00'00'40'',17'52'27'' 2017-08-01
其他类异常,17'52'46'' 2017-08-01~17'53'51'' 2017-08-01,00D-00'01'05'',17'53'51'' 2017-08-01
其他类异常,17'55'20'' 2017-08-01~17'55'56'' 2017-08-01,00D-00'00'36'',17'55'56'' 2017-08-01
其他类异常,17'55'20'' 2017-08-01~18'04'18'' 2017-08-01,00D-00'00'57'',18'04'18'' 2017-08-01
其他类异常,18'03'21'' 2017-08-01~18'13'46'' 2017-08-01,00D-00'00'35'',18'13'46'' 2017-08-01
其他类异常,18'13'11'' 2017-08-01~18'22'19'' 2017-08-01,00D-00'00'51'',18'22'19'' 2017-08-01
其他类异常,18'21'28'' 2017-08-01~18'25'20'' 2017-08-01,00D-00'01'45'',18'25'20'' 2017-08-01
其他类异常,18'25'49'' 2017-08-01~18'26'39'' 2017-08-01,00D-00'00'50'',18'26'39'' 2017-08-01
其他类异常,18'27'01'' 2017-08-01~18'28'04'' 2017-08-01,00D-00'01'03'',18'28'04'' 2017-08-01
其他类异常,18'28'39'' 2017-08-01~18'35'25'' 2017-08-01,00D-00'06'46'',18'35'25'' 2017-08-01
其他类异常,18'36'08'' 2017-08-01~18'38'13'' 2017-08-01,00D-00'02'05'',18'38'13'' 2017-08-01
其他类异常,18'36'08'' 2017-08-01~18'38'13'' 2017-08-0118'40'27'' 2017-08-01,00D-00'01'48'',18'40'27'' 2017-08-01
其他类异常,18'38'39'' 2017-08-01~18'48'47'' 2017-08-01,00D-00'02'08'',18'48'47'' 2017-08-01
其他类异常,18'46'39'' 2017-08-01~18'59'18'' 2017-08-01,00D-00'02'33'',18'59'18'' 2017-08-01
其他类异常,18'56'45'' 2017-08-01~18'59'51'' 2017-08-01,00D-00'00'13'',18'59'51'' 2017-08-01
其他类异常,19'00'03'' 2017-08-01~19'00'43'' 2017-08-01,00D-00'00'40'',19'00'43'' 2017-08-01
设备故障,15'43'11'' 2017-08-02~15'50'03'' 2017-08-02,00D-00'06'52'',15'50'03'' 2017-08-02
设备故障,15'50'21'' 2017-08-02~15'58'06'' 2017-08-02,00D-00'07'45'',15'58'06'' 2017-08-02
小报警处理,15'58'20'' 2017-08-02~16'03'59'' 2017-08-02,00D-00'05'39'',16'03'59'' 2017-08-02
小报警处理,16'04'40'' 2017-08-02~16'34'45'' 2017-08-02,00D-00'30'05'',16'34'45'' 2017-08-02
小报警处理,16'35'53'' 2017-08-02~16'39'51'' 2017-08-02,00D-00'03'58'',16'39'51'' 2017-08-02
小报警处理,16'40'23'' 2017-08-02~16'43'02'' 2017-08-02,00D-00'02'39'',16'43'02'' 2017-08-02
小报警处理,16'43'44'' 2017-08-02~16'44'50'' 2017-08-02,00D-00'01'06'',16'44'50'' 2017-08-02
小报警处理,16'44'52'' 2017-08-02~16'45'14'' 2017-08-02,00D-00'00'22'',16'45'14'' 2017-08-02
小报警处理,16'45'53'' 2017-08-02~16'49'33'' 2017-08-02,00D-00'03'40'',16'49'33'' 2017-08-02
小报警处理,16'50'46'' 2017-08-02~16'57'44'' 2017-08-02,00D-00'06'58'',16'57'44'' 2017-08-02
小报警处理,16'58'23'' 2017-08-02~16'59'06'' 2017-08-02,00D-00'00'43'',16'59'06'' 2017-08-02
小报警处理,17'03'21'' 2017-08-02~17'04'06'' 2017-08-02,00D-00'00'45'',17'04'06'' 2017-08-02
小报警处理,17'18'23'' 2017-08-02~17'18'55'' 2017-08-02,00D-00'00'32'',17'18'55'' 2017-08-02
小报警处理,17'19'18'' 2017-08-02~17'19'46'' 2017-08-02,00D-00'00'28'',17'19'46'' 2017-08-02
小报警处理,17'24'15'' 2017-08-02~17'24'26'' 2017-08-02,00D-00'00'11'',17'24'26'' 2017-08-02
小报警处理,17'25'25'' 2017-08-02~17'25'33'' 2017-08-02,00D-00'00'08'',17'25'33'' 2017-08-02
小报警处理,17'26'01'' 2017-08-02~17'26'07'' 2017-08-02,00D-00'00'06'',17'26'07'' 2017-08-02
小报警处理,17'26'39'' 2017-08-02~17'26'49'' 2017-08-02,00D-00'00'10'',17'26'49'' 2017-08-02
小报警处理,17'27'35'' 2017-08-02~17'27'40'' 2017-08-02,00D-00'00'05'',17'27'40'' 2017-08-02
小报警处理,17'28'15'' 2017-08-02~17'28'23'' 2017-08-02,00D-00'00'08'',17'28'23'' 2017-08-02
小报警处理,17'28'52'' 2017-08-02~17'29'02'' 2017-08-02,00D-00'00'10'',17'29'02'' 2017-08-02
小报警处理,17'34'20'' 2017-08-02~17'35'17'' 2017-08-02,00D-00'00'57'',17'35'17'' 2017-08-02
小报警处理,17'36'30'' 2017-08-02~17'39'51'' 2017-08-02,00D-00'03'21'',17'39'51'' 2017-08-02
小报警处理,17'40'43'' 2017-08-02~17'41'41'' 2017-08-02,00D-00'00'58'',17'41'41'' 2017-08-02
小报警处理,17'42'02'' 2017-08-02~17'43'14'' 2017-08-02,00D-00'01'12'',17'43'14'' 2017-08-02
吃饭时间,17'43'39'' 2017-08-02~17'44'27'' 2017-08-02,00D-00'00'48'',17'44'27'' 2017-08-02
小报警处理,17'45'00'' 2017-08-02~17'45'29'' 2017-08-02,00D-00'00'29'',17'45'29'' 2017-08-02
小报警处理,09'11'04'' 2017-08-03~09'11'21'' 2017-08-03,00D-00'00'17'',09'11'21'' 2017-08-03
小报警处理,09'11'51'' 2017-08-03~09'12'35'' 2017-08-03,00D-00'00'44'',09'12'35'' 2017-08-03
小报警处理,09'12'53'' 2017-08-03~09'14'01'' 2017-08-03,00D-00'01'08'',09'14'01'' 2017-08-03
小报警处理,09'14'18'' 2017-08-03~09'17'12'' 2017-08-03,00D-00'02'54'',09'17'12'' 2017-08-03
小报警处理,09'17'55'' 2017-08-03~09'18'18'' 2017-08-03,00D-00'00'23'',09'18'18'' 2017-08-03
小报警处理,09'18'50'' 2017-08-03~09'19'20'' 2017-08-03,00D-00'00'30'',09'19'20'' 2017-08-03
设备故障,09'19'59'' 2017-08-03~09'22'56'' 2017-08-03,00D-00'02'57'',09'22'56'' 2017-08-03
小报警处理,09'31'34'' 2017-08-03~09'32'07'' 2017-08-03,00D-00'00'33'',09'32'07'' 2017-08-03
小报警处理,09'32'24'' 2017-08-03~09'33'09'' 2017-08-03,00D-00'00'45'',09'33'09'' 2017-08-03
小报警处理,09'33'32'' 2017-08-03~09'33'58'' 2017-08-03,00D-00'00'26'',09'33'58'' 2017-08-03
小报警处理,09'34'17'' 2017-08-03~09'34'34'' 2017-08-03,00D-00'00'17'',09'34'34'' 2017-08-03
小报警处理,09'35'03'' 2017-08-03~09'35'16'' 2017-08-03,00D-00'00'13'',09'35'16'' 2017-08-03
小报警处理,09'35'28'' 2017-08-03~09'35'35'' 2017-08-03,00D-00'00'07'',09'35'35'' 2017-08-03
小报警处理,09'35'49'' 2017-08-03~09'36'49'' 2017-08-03,00D-00'01'00'',09'36'49'' 2017-08-03
小报警处理,09'37'09'' 2017-08-03~09'37'55'' 2017-08-03,00D-00'00'46'',09'37'55'' 2017-08-03
小报警处理,09'38'14'' 2017-08-03~09'38'36'' 2017-08-03,00D-00'00'22'',09'38'36'' 2017-08-03
小报警处理,09'39'02'' 2017-08-03~09'39'08'' 2017-08-03,00D-00'00'06'',09'39'08'' 2017-08-03
小报警处理,09'39'31'' 2017-08-03~09'39'52'' 2017-08-03,00D-00'00'21'',09'39'52'' 2017-08-03
小报警处理,09'40'11'' 2017-08-03~09'40'32'' 2017-08-03,00D-00'00'21'',09'40'32'' 2017-08-03
小报警处理,09'40'49'' 2017-08-03~09'41'21'' 2017-08-03,00D-00'00'32'',09'41'21'' 2017-08-03
小报警处理,09'41'41'' 2017-08-03~09'42'07'' 2017-08-03,00D-00'00'26'',09'42'07'' 2017-08-03
小报警处理,09'42'24'' 2017-08-03~10'04'32'' 2017-08-03,00D-00'22'08'',10'04'32'' 2017-08-03
小报警处理,10'16'46'' 2017-08-03~10'17'24'' 2017-08-03,00D-00'00'38'',10'17'24'' 2017-08-03
小报警处理,10'17'51'' 2017-08-03~10'19'07'' 2017-08-03,00D-00'01'16'',10'19'07'' 2017-08-03
小报警处理,10'31'48'' 2017-08-03~10'34'23'' 2017-08-03,00D-00'02'35'',10'34'23'' 2017-08-03
小报警处理,11'13'00'' 2017-08-03~11'15'50'' 2017-08-03,00D-00'02'50'',11'15'50'' 2017-08-03
小报警处理,11'16'30'' 2017-08-03~11'17'20'' 2017-08-03,00D-00'00'50'',11'17'20'' 2017-08-03
小报警处理,11'17'51'' 2017-08-03~11'24'41'' 2017-08-03,00D-00'06'50'',11'24'41'' 2017-08-03
小报警处理,11'25'10'' 2017-08-03~11'32'57'' 2017-08-03,00D-00'07'47'',11'32'57'' 2017-08-03
小报警处理,11'33'34'' 2017-08-03~11'34'34'' 2017-08-03,00D-00'01'00'',11'34'34'' 2017-08-03
小报警处理,11'33'34'' 2017-08-03~11'34'34'' 2017-08-0311'35'07'' 2017-08-03,00D-00'00'03'',11'35'07'' 2017-08-03
小报警处理,11'35'08'' 2017-08-03~11'35'15'' 2017-08-03,00D-00'00'07'',11'35'15'' 2017-08-03
小报警处理,11'35'42'' 2017-08-03~11'35'53'' 2017-08-03,00D-00'00'11'',11'35'53'' 2017-08-03
小报警处理,11'36'23'' 2017-08-03~11'37'05'' 2017-08-03,00D-00'00'42'',11'37'05'' 2017-08-03
小报警处理,11'37'54'' 2017-08-03~11'38'04'' 2017-08-03,00D-00'00'10'',11'38'04'' 2017-08-03
小报警处理,11'38'30'' 2017-08-03~11'39'22'' 2017-08-03,00D-00'00'52'',11'39'22'' 2017-08-03
小报警处理,11'39'55'' 2017-08-03~11'41'01'' 2017-08-03,00D-00'01'06'',11'41'01'' 2017-08-03
小报警处理,11'41'26'' 2017-08-03~13'44'35'' 2017-08-03,00D-02'03'09'',13'44'35'' 2017-08-03
小报警处理,13'54'11'' 2017-08-03~13'54'38'' 2017-08-03,00D-00'00'27'',13'54'38'' 2017-08-03
小报警处理,13'55'33'' 2017-08-03~13'58'23'' 2017-08-03,00D-00'02'50'',13'58'23'' 2017-08-03
小报警处理,14'07'13'' 2017-08-03~14'08'02'' 2017-08-03,00D-00'00'49'',14'08'02'' 2017-08-03
无生产计划,14'29'14'' 2017-08-03~14'48'00'' 2017-08-03,00D-00'18'46'',14'48'00'' 2017-08-03
无生产计划,14'48'23'' 2017-08-03~14'52'38'' 2017-08-03,00D-00'04'15'',14'52'38'' 2017-08-03
小报警处理,14'53'17'' 2017-08-03~14'56'07'' 2017-08-03,00D-00'02'50'',14'56'07'' 2017-08-03
无生产计划,15'01'04'' 2017-08-03~15'08'51'' 2017-08-03,00D-00'07'47'',15'08'51'' 2017-08-03
小报警处理,15'28'27'' 2017-08-03~15'29'24'' 2017-08-03,00D-00'00'57'',15'29'24'' 2017-08-03
小报警处理,16'00'41'' 2017-08-03~16'01'56'' 2017-08-03,00D-00'01'15'',16'01'56'' 2017-08-03
无生产计划,16'02'25'' 2017-08-03~16'05'15'' 2017-08-03,00D-00'02'50'',16'05'15'' 2017-08-03
小报警处理,16'50'50'' 2017-08-03~16'51'26'' 2017-08-03,00D-00'00'36'',16'51'26'' 2017-08-03
小报警处理,16'51'43'' 2017-08-03~16'52'35'' 2017-08-03,00D-00'00'52'',16'52'35'' 2017-08-03
小报警处理,16'53'17'' 2017-08-03~16'56'27'' 2017-08-03,00D-00'03'10'',16'56'27'' 2017-08-03
首件确认,17'17'16'' 2017-08-03~17'17'49'' 2017-08-03,00D-00'00'33'',17'17'49'' 2017-08-03
首件确认,17'36'37'' 2017-08-03~17'37'07'' 2017-08-03,00D-00'00'30'',17'37'07'' 2017-08-03
首件确认,17'39'28'' 2017-08-03~17'41'26'' 2017-08-03,00D-00'01'58'',17'41'26'' 2017-08-03
首件确认,17'41'57'' 2017-08-03~17'43'06'' 2017-08-03,00D-00'01'09'',17'43'06'' 2017-08-03
首件确认,17'43'30'' 2017-08-03~17'43'54'' 2017-08-03,00D-00'00'24'',17'43'54'' 2017-08-03
首件确认,17'47'06'' 2017-08-03~17'47'31'' 2017-08-03,00D-00'00'25'',17'47'31'' 2017-08-03
首件确认,17'51'25'' 2017-08-03~17'53'19'' 2017-08-03,00D-00'01'54'',17'53'19'' 2017-08-03
首件确认,17'53'44'' 2017-08-03~17'54'02'' 2017-08-03,00D-00'00'18'',17'54'02'' 2017-08-03
其他类异常,14'20'34'' 2017-08-04~14'20'47'' 2017-08-04,00D-00'00'13'',14'20'47'' 2017-08-04
无生产计划,14'26'44'' 2017-08-04~14'28'38'' 2017-08-04,00D-00'01'54'',14'28'38'' 2017-08-04
吃饭时间,14'28'45'' 2017-08-04~14'29'41'' 2017-08-04,00D-00'00'56'',14'29'41'' 2017-08-04
盘点,14'29'45'' 2017-08-04~15'05'16'' 2017-08-04,00D-00'35'31'',15'05'16'' 2017-08-04
盘点,15'05'24'' 2017-08-04~15'05'54'' 2017-08-04,00D-00'00'30'',15'05'54'' 2017-08-04
无生产计划,15'05'59'' 2017-08-04~15'16'03'' 2017-08-04,00D-00'10'04'',15'16'03'' 2017-08-04
吃饭时间,15'17'37'' 2017-08-04~15'22'52'' 2017-08-04,00D-00'05'15'',15'22'52'' 2017-08-04
小报警处理,15'22'58'' 2017-08-04~15'24'16'' 2017-08-04,00D-00'01'18'',15'24'16'' 2017-08-04
小报警处理,15'25'16'' 2017-08-04~15'26'56'' 2017-08-04,00D-00'01'40'',15'26'56'' 2017-08-04
小报警处理,15'27'24'' 2017-08-04~15'30'02'' 2017-08-04,00D-00'02'38'',15'30'02'' 2017-08-04
小报警处理,17'10'53'' 2017-08-04~17'11'54'' 2017-08-04,00D-00'01'01'',17'11'54'' 2017-08-04
首件确认,17'40'42'' 2017-08-04~17'41'05'' 2017-08-04,00D-00'00'23'',17'41'05'' 2017-08-04
小报警处理,18'17'37'' 2017-08-04~18'18'46'' 2017-08-04,00D-00'01'09'',18'18'46'' 2017-08-04
小报警处理,17'50'32'' 2017-08-05~17'54'25'' 2017-08-05,00D-00'03'53'',17'54'25'' 2017-08-05
小报警处理,17'54'41'' 2017-08-05~18'03'53'' 2017-08-05,00D-00'09'12'',18'03'53'' 2017-08-05
无生产计划,18'20'59'' 2017-08-05~18'22'29'' 2017-08-05,00D-00'01'30'',18'22'29'' 2017-08-05
无生产计划,18'29'37'' 2017-08-05~18'30'25'' 2017-08-05,00D-00'00'48'',18'30'25'' 2017-08-05
小报警处理,17'44'20'' 2017-08-11~18'03'44'' 2017-08-11,00D-00'19'24'',18'03'44'' 2017-08-11
