testCopyCopy,110.605,166.660,11.649,19,18,首件确认,15'44'36'' 2017-07-10
testCopyCopy,23.291,166.660,3.516,24,22,首件确认,15'47'31'' 2017-07-10
testCopyCopy,20.592,50.000,0.374,24,22,首件确认,16'40'53'' 2017-07-10
testCopyCopy,14.493,50.000,0.314,24,22,首件确认,16'41'34'' 2017-07-10
testCopyCopy,13.447,50.000,0.254,24,22,首件确认,16'43'53'' 2017-07-10
testCopyCopy,19.313,50.000,0.326,24,22,首件确认,16'45'13'' 2017-07-10
testCopyCopy,18.486,50.000,0.325,24,22,首件确认,16'46'48'' 2017-07-10
testCopyCopy,16.365,50.000,0.272,24,22,首件确认,16'49'00'' 2017-07-10
testCopyCopy,12.590,50.000,0.240,24,22,首件确认,16'49'58'' 2017-07-10
testCopyCopy,12.605,50.000,0.269,24,22,首件确认,16'50'37'' 2017-07-10
testCopyCopy,15.553,50.000,0.259,24,22,首件确认,16'51'04'' 2017-07-10
testCopyCopy,19.110,0.000,0.000,0,0,首件确认,09'05'38'' 2017-07-11
testCopyCopy,3.151,0.000,0.000,0,0,首件确认,09'05'47'' 2017-07-11
testCopyCopy,4.212,0.000,0.000,0,0,首件确认,09'07'27'' 2017-07-11
testCopyCopy,21.840,50.000,1.059,1,0,首件确认,09'11'25'' 2017-07-11
testCopyCopy,13.229,50.000,0.630,2,0,首件确认,09'12'18'' 2017-07-11
testCopyCopy,39.905,50.000,-0.001,5,2,首件确认,09'16'26'' 2017-07-11
testCopyCopy,88.624,166.660,5.855,15,12,首件确认,09'17'56'' 2017-07-11
testCopyCopy,82.759,83.330,5.779,1,1,首件确认,09'31'16'' 2017-07-12
testCopyCopy,40.092,83.330,2.508,1,1,首件确认,09'34'05'' 2017-07-12
testCopyCopy,44.305,83.330,2.818,1,1,首件确认,09'35'27'' 2017-07-12
testCopyCopy,43.680,83.330,2.701,1,1,首件确认,09'39'16'' 2017-07-12
testCopyCopy,46.395,83.330,2.719,1,1,首件确认,09'40'41'' 2017-07-12
testCopyCopy,43.478,83.330,2.714,1,1,首件确认,09'42'04'' 2017-07-12
testCopyCopy,45.599,83.330,2.647,1,1,其他类异常,09'43'54'' 2017-07-12
testCopyCopy,46.442,83.330,2.703,1,1,其他类异常,09'45'58'' 2017-07-12
testCopyCopy,44.726,83.330,2.675,1,1,其他类异常,09'48'39'' 2017-07-12
testCopyCopy,31.715,166.660,2.962,1,1,其他类异常,09'50'30'' 2017-07-12
testCopyCopy,32.760,166.660,2.796,1,1,其他类异常,09'51'24'' 2017-07-12
testCopyCopy,27.082,250.000,2.790,1,1,其他类异常,09'52'29'' 2017-07-12
testCopyCopy,17.020,83.330,0.339,1,1,其他类异常,09'53'48'' 2017-07-12
testCopyCopy,26.458,250.000,3.032,1,1,其他类异常,09'54'56'' 2017-07-12
testCopyCopy,28.782,83.330,1.523,1,1,其他类异常,09'56'34'' 2017-07-12
testCopyCopy,30.233,250.000,4.370,1,1,其他类异常,09'57'27'' 2017-07-12
testCopyCopy,26.864,250.000,2.939,1,1,其他类异常,10'00'35'' 2017-07-12
testCopyCopy,28.158,250.000,2.754,1,1,其他类异常,10'03'57'' 2017-07-12
testCopyCopy,27.924,250.000,2.862,1,1,其他类异常,10'05'04'' 2017-07-12
testCopyCopy,23.946,333.330,2.945,1,1,其他类异常,10'06'06'' 2017-07-12
testCopyCopy,26.677,333.330,2.924,1,1,其他类异常,10'07'08'' 2017-07-12
testCopyCopy,24.773,333.330,2.903,1,1,其他类异常,10'07'39'' 2017-07-12
testCopyCopy,24.149,416.660,2.896,1,1,其他类异常,10'08'34'' 2017-07-12
testCopyCopy,24.165,416.660,2.612,1,1,其他类异常,10'09'43'' 2017-07-12
testCopyCopy,27.097,416.660,2.942,1,1,其他类异常,10'10'45'' 2017-07-12
testCopyCopy,27.082,500.000,3.066,1,1,其他类异常,10'11'53'' 2017-07-12
testCopyCopy,26.052,500.000,2.743,1,1,其他类异常,10'12'46'' 2017-07-12
testCopyCopy,22.885,500.000,2.787,1,1,其他类异常,10'13'38'' 2017-07-12
testCopyCopy,1440.045,500.000,6.891,2,2,其他类异常,10'38'00'' 2017-07-12
testCopyCopy,21.403,500.000,3.515,2,2,异常处理,10'57'06'' 2017-07-12
testCopyCopy,32.120,166.660,3.005,2,2,首件确认,10'58'51'' 2017-07-12
testCopyCopy,283.517,166.660,44.731,13,12,异常处理,11'09'33'' 2017-07-12
testCopyCopy,29.188,166.660,2.161,0,0,首件确认,13'40'31'' 2017-07-12
testCopyCopy,27.097,166.660,2.842,0,0,首件确认,13'43'13'' 2017-07-12
testCopyCopy,77.298,166.660,10.145,2,2,首件确认,13'48'12'' 2017-07-12
testCopyCopy,330.348,500.000,155.001,40,40,首件确认,13'54'39'' 2017-07-12
testCopyCopy,51.247,166.660,5.948,41,41,首件确认,14'17'06'' 2017-07-12
testCopyCopy,150.166,166.660,23.166,46,46,首件确认,14'25'00'' 2017-07-12
testCopyCopy,788.179,166.660,128.596,78,77,首件确认,14'38'47'' 2017-07-12
testCopyCopy,56.706,166.660,6.934,79,78,首件确认,14'50'06'' 2017-07-12
testCopyCopy,46.410,83.330,2.926,79,78,首件确认,14'51'42'' 2017-07-12
testCopyCopy,1.669,83.330,0.015,79,78,首件确认,14'51'54'' 2017-07-12
testCopyCopy,47.253,83.330,2.764,79,78,首件确认,14'52'54'' 2017-07-12
testCopyCopy,45.350,83.330,2.651,79,78,首件确认,14'54'47'' 2017-07-12
testCopyCopy,46.629,83.330,2.696,79,78,首件确认,14'55'56'' 2017-07-12
testCopyCopy,31.091,166.660,2.752,79,78,首件确认,14'56'57'' 2017-07-12
testCopyCopy,31.091,166.660,2.796,79,78,首件确认,14'57'47'' 2017-07-12
testCopyCopy,26.879,250.000,2.771,79,78,首件确认,14'58'42'' 2017-07-12
testCopyCopy,27.519,250.000,2.760,79,78,首件确认,14'59'33'' 2017-07-12
testCopyCopy,23.946,333.330,2.461,79,78,首件确认,15'00'25'' 2017-07-12
testCopyCopy,27.300,333.330,2.870,79,78,首件确认,15'02'25'' 2017-07-12
testCopyCopy,22.059,416.660,2.630,79,78,首件确认,15'03'24'' 2017-07-12
testCopyCopy,26.255,416.660,2.803,79,78,首件确认,15'04'12'' 2017-07-12
testCopyCopy,26.676,500.000,2.778,79,78,首件确认,15'05'03'' 2017-07-12
testCopyCopy,25.412,500.000,2.737,79,78,首件确认,15'05'47'' 2017-07-12
testCopyCopy,20.373,500.000,1.470,80,79,首件确认,15'06'46'' 2017-07-12
testCopyCopy,178.091,166.660,29.341,87,86,首件确认,15'29'15'' 2017-07-12
testCopyCopy,900.922,83.330,74.994,105,104,首件确认,15'44'50'' 2017-07-12
testCopyCopy,196.124,83.330,16.255,108,107,首件确认,15'50'00'' 2017-07-12
testCopyCopy,3.354,83.330,0.181,108,107,首件确认,16'39'06'' 2017-07-12
guytkj,4.415,0.000,0.000,0,0,首件确认,10'45'05'' 2017-07-13
guytkj,3.776,0.000,0.000,0,0,首件确认,10'45'13'' 2017-07-13
guytkj,5.881,16.660,0.000,0,0,首件确认,10'45'34'' 2017-07-13
guytkj,14.696,83.330,1.144,8,1,首件确认,10'46'04'' 2017-07-13
guytkj,51.262,83.330,4.182,45,31,首件确认,10'52'40'' 2017-07-13
guytkj,78.937,83.330,5.757,58,43,首件确认,10'56'16'' 2017-07-13
guytkj,26.458,83.330,2.108,63,48,首件确认,10'58'04'' 2017-07-13
guytkj,29.406,83.330,2.374,69,54,首件确认,11'05'34'' 2017-07-13
guytkj,56.894,83.330,3.617,77,60,首件确认,11'06'40'' 2017-07-13
guytkj,56.503,83.330,3.494,8,6,首件确认,10'34'02'' 2017-07-15
guytkj,18.705,83.330,0.406,8,6,首件确认,10'34'31'' 2017-07-15
guytkj,55.864,83.330,3.604,16,12,首件确认,10'37'52'' 2017-07-15
guytkj,34.866,83.330,1.772,19,14,首件确认,10'39'19'' 2017-07-15
guytkj,9.033,83.330,0.090,19,14,首件确认,10'40'14'' 2017-07-15
guytkj,27.300,83.330,1.086,20,14,首件确认,10'42'24'' 2017-07-15
guytkj,35.069,83.330,1.735,23,15,首件确认,10'54'04'' 2017-07-15
guytkj,22.059,83.330,0.639,23,15,首件确认,10'56'45'' 2017-07-15
guytkj,42.011,83.330,2.367,28,18,首件确认,10'58'06'' 2017-07-15
guytkj,42.635,83.330,2.491,33,21,首件确认,11'00'48'' 2017-07-15
guytkj,19.141,333.330,0.754,41,28,首件确认,11'13'54'' 2017-07-15
guytkj,43.462,333.330,10.106,65,50,首件确认,11'15'30'' 2017-07-15
guytkj,44.725,500.000,12.845,96,79,首件确认,13'52'54'' 2017-07-15
guytkj,6.723,500.000,0.067,96,79,首件确认,13'55'10'' 2017-07-15
guytkj,27.098,500.000,4.085,105,86,首件确认,13'55'42'' 2017-07-15
guytkj,27.519,500.000,4.277,114,94,首件确认,14'17'44'' 2017-07-15
guytkj,7.363,500.000,0.993,117,96,首件确认,14'18'04'' 2017-07-15
EPR-17-680,9.251,83.330,0.091,0,0,首件确认,11'06'52'' 2017-07-16
EPR-17-680,30.030,83.330,1.432,0,0,首件确认,11'24'13'' 2017-07-16
EPR-17-680,13.650,83.330,0.210,0,0,首件确认,11'25'32'' 2017-07-16
EPR-17-680,34.024,83.330,1.718,0,0,首件确认,11'26'48'' 2017-07-16
EPR-17-680,54.180,83.330,3.325,0,0,首件确认,11'30'49'' 2017-07-16
EPR-17-680,20.795,83.330,0.711,0,0,首件确认,11'32'47'' 2017-07-16
EPR-17-680,48.501,83.330,3.058,0,0,首件确认,11'36'51'' 2017-07-16
EPR-17-680,32.339,83.330,1.655,0,0,首件确认,11'39'15'' 2017-07-16
EPR-17-680,29.811,166.660,2.663,0,0,首件确认,11'40'58'' 2017-07-16
EPR-17-680,50.825,166.660,6.077,0,0,首件确认,11'44'49'' 2017-07-16
EPR-17-680,38.439,166.660,4.465,0,0,首件确认,11'46'46'' 2017-07-16
EPR-17-680,26.239,166.660,2.226,0,0,首件确认,11'48'14'' 2017-07-16
EPR-17-680,56.894,166.660,7.036,1,0,首件确认,14'16'27'' 2017-07-16
EPR-17-680,62.166,166.660,8.120,2,1,首件确认,14'20'01'' 2017-07-16
EPR-17-680,10.718,166.660,1.396,2,1,首件确认,14'20'18'' 2017-07-16
EPR-17-680,64.272,500.000,23.522,5,4,首件确认,14'21'54'' 2017-07-16
testCopyCopy5,14.695,83.330,0.471,0,0,其他类异常,09'45'47'' 2017-07-17
testCopyCopy5,10.499,83.330,0.120,0,0,其他类异常,09'55'15'' 2017-07-17
testCopyCopy5,39.921,83.330,2.159,0,0,其他类异常,09'56'13'' 2017-07-17
testCopyCopy5,25.833,83.330,1.184,0,0,其他类异常,09'57'24'' 2017-07-17
testCopyCopy5,39.265,83.330,2.295,0,0,其他类异常,09'59'21'' 2017-07-17
testCopyCopy5,27.940,83.330,1.281,0,0,其他类异常,10'07'37'' 2017-07-17
testCopyCopy5,33.821,83.330,1.666,0,0,其他类异常,10'09'22'' 2017-07-17
testCopyCopy5,34.851,83.330,1.706,0,0,其他类异常,10'12'03'' 2017-07-17
testCopyCopy5,53.977,83.330,3.303,0,0,其他类异常,10'15'27'' 2017-07-17
testCopyCopy5,42.838,83.330,2.352,0,0,其他类异常,10'18'28'' 2017-07-17
testCopyCopy5,20.795,83.330,0.561,0,0,其他类异常,10'35'32'' 2017-07-17
testCopyCopy5,4.212,83.330,0.039,0,0,其他类异常,10'51'13'' 2017-07-17
testCopyCopy5,33.821,83.330,1.613,0,0,其他类异常,10'58'01'' 2017-07-17
testCopyCopy5,107.953,83.330,8.051,1,1,其他类异常,11'01'14'' 2017-07-17
CP-15H-LAE895,37.362,83.330,1.962,1,1,其他类异常,11'22'36'' 2017-07-17
CP-15H-LAE895,35.911,83.330,1.865,1,1,其他类异常,11'27'12'' 2017-07-17
CP-15H-LAE895,24.149,83.330,1.147,1,1,其他类异常,11'28'21'' 2017-07-17
CP-15H-LAE895,17.222,83.330,0.454,1,1,其他类异常,11'32'51'' 2017-07-17
CP-15H-LAE895,23.525,83.330,0.732,1,1,其他类异常,13'37'48'' 2017-07-17
CP-15H-LAE895,35.911,166.660,3.529,1,1,其他类异常,13'41'58'' 2017-07-17
CP-15H-LAE895,32.745,166.660,2.942,1,1,其他类异常,13'45'21'' 2017-07-17
CP-15H-LAE895,26.255,166.660,1.937,1,1,其他类异常,13'48'13'' 2017-07-17
CP-15H-LAE895,34.227,133.330,2.718,1,1,其他类异常,13'50'12'' 2017-07-17
CP-15H-LAE895,38.018,133.330,3.293,1,1,其他类异常,13'53'01'' 2017-07-17
CP-15H-LAE895,22.043,133.330,1.038,1,1,其他类异常,13'54'39'' 2017-07-17
CP-15H-LAE895,112.788,133.330,13.352,1,1,其他类异常,13'58'12'' 2017-07-17
CP-15H-LAE895,42.011,100.000,2.898,1,1,其他类异常,14'01'09'' 2017-07-17
CP-15H-LAE895,39.905,100.000,2.516,1,1,其他类异常,14'50'52'' 2017-07-17
CP-15H-LAE895,34.040,133.330,2.226,1,1,其他类异常,15'06'10'' 2017-07-17
CP-15H-LAE895,42.854,133.330,3.678,1,1,其他类异常,15'08'20'' 2017-07-17
CP-15H-LAE895,175.751,133.330,21.694,4,4,其他类异常,15'12'39'' 2017-07-17
CP-15H-LAE895,32.541,133.330,2.292,4,4,其他类异常,15'20'35'' 2017-07-17
CP-15H-LAE895,38.423,133.330,3.264,4,4,其他类异常,15'23'39'' 2017-07-17
CP-15H-LAE895,41.574,133.330,3.592,4,4,首件确认,15'26'20'' 2017-07-17
CP-15H-LAE895,30.873,133.330,2.510,4,4,首件确认,15'28'29'' 2017-07-17
CP-15H-LAE895,25.616,133.330,1.744,4,4,首件确认,15'30'33'' 2017-07-17
CP-15H-LAE895,38.641,133.330,3.111,4,4,首件确认,15'32'37'' 2017-07-17
CP-15H-LAE895,38.438,133.330,3.301,4,4,首件确认,15'37'12'' 2017-07-17
CP-15H-LAE895,1038.717,133.330,136.662,26,26,其他类异常,15'58'12'' 2017-07-17
CP-15H-LAE895,82.743,133.330,9.645,27,27,其他类异常,16'01'25'' 2017-07-17
CP-15H-LAE895,1430.810,166.660,207.649,60,60,其他类异常,16'25'51'' 2017-07-17
CP-15H-LAE895,86.736,166.660,12.218,61,61,其他类异常,16'30'35'' 2017-07-17
CP-15H-LAE895,55.442,166.660,6.452,61,61,其他类异常,16'32'49'' 2017-07-17
CP-15H-LAE895,982.837,216.660,169.737,88,88,其他类异常,16'50'30'' 2017-07-17
CP-15H-LAE895,36.753,216.660,4.383,88,88,其他类异常,16'53'15'' 2017-07-17
CP-15H-LAE895,34.227,216.660,4.196,88,88,其他类异常,16'56'02'' 2017-07-17
CP-15H-LAE895,29.843,216.660,4.019,88,88,其他类异常,16'58'35'' 2017-07-17
CP-15H-LAE895,40.498,216.660,5.019,88,88,其他类异常,17'00'47'' 2017-07-17
CP-15H-LAE895,41.138,216.660,5.115,88,88,其他类异常,17'04'12'' 2017-07-17
CP-15H-LAE895,103.538,216.660,18.654,90,90,其他类异常,17'07'12'' 2017-07-17
CP-15H-LAE895,1025.894,216.660,219.234,125,125,其他类异常,17'47'34'' 2017-07-17
CP-15H-LAE895,19.953,216.660,0.998,125,125,其他类异常,17'48'07'' 2017-07-17
CP-15H-LAE895,0.421,216.660,0.003,125,125,其他类异常,17'48'59'' 2017-07-17
CP-15H-LAE895,4.634,216.660,0.044,125,125,其他类异常,17'49'22'' 2017-07-17
CP-15H-LAE895,1598.184,216.660,346.022,181,181,其他类异常,18'17'05'' 2017-07-17
CP-15H-LAE895,139.637,50.000,6.485,1,0,其他类异常,09'39'13'' 2017-07-18
CP-15H-LAE895,45.989,50.000,1.862,1,0,其他类异常,09'56'44'' 2017-07-18
CP-15H-LAE895,33.181,133.330,2.642,1,0,其他类异常,10'07'35'' 2017-07-18
CP-15H-LAE895,23.104,133.330,1.223,1,0,其他类异常,10'12'59'' 2017-07-18
CP-15H-LAE895,40.123,133.330,3.362,1,0,其他类异常,10'15'15'' 2017-07-18
CP-15H-LAE895,18.253,133.330,1.180,1,0,其他类异常,10'16'56'' 2017-07-18
CP-15H-LAE895,25.616,133.330,1.920,1,0,其他类异常,10'19'12'' 2017-07-18
CP-15H-LAE895,41.793,133.330,3.540,1,0,其他类异常,10'23'04'' 2017-07-18
CP-15H-LAE895,34.008,133.330,2.577,1,0,其他类异常,10'27'43'' 2017-07-18
CP-15H-LAE895,35.927,133.330,2.718,1,0,其他类异常,10'32'31'' 2017-07-18
CP-15H-LAE895,20.592,133.330,1.192,1,0,其他类异常,10'46'14'' 2017-07-18
CP-15H-LAE895,28.767,133.330,2.487,1,0,其他类异常,10'46'48'' 2017-07-18
CP-15H-LAE895,34.663,133.330,2.616,1,0,其他类异常,13'50'14'' 2017-07-18
CP-15H-LAE895,34.429,133.330,2.781,1,0,其他类异常,14'33'01'' 2017-07-18
CP-15H-LAE895,31.513,133.330,2.154,1,0,其他类异常,14'34'19'' 2017-07-18
CP-15H-LAE895,60.279,133.330,6.385,1,0,其他类异常,14'36'49'' 2017-07-18
CP-15H-LAE895,35.912,133.330,3.070,1,0,其他类异常,14'42'22'' 2017-07-18
CP-15H-LAE895,58.376,133.330,6.111,1,0,其他类异常,14'45'54'' 2017-07-18
CP-15H-LAE895,27.721,133.330,2.045,1,0,其他类异常,14'53'21'' 2017-07-18
CP-15H-LAE895,130.838,133.330,15.645,3,2,其他类异常,14'56'48'' 2017-07-18
CP-15H-LAE895,14.914,133.330,0.409,3,2,其他类异常,15'11'18'' 2017-07-18
CP-15H-LAE895,39.265,133.330,3.429,3,2,其他类异常,15'20'00'' 2017-07-18
CP-15H-LAE895,41.575,133.330,3.570,3,2,其他类异常,15'21'02'' 2017-07-18
CP-15H-LAE895,3794.069,200.000,747.842,124,123,其他类异常,16'26'33'' 2017-07-18
CP-15H-LAE895,11.123,83.330,0.109,124,123,其他类异常,16'40'30'' 2017-07-18
CP-15H-LAE895,83.586,83.330,6.020,124,123,其他类异常,16'42'39'' 2017-07-18
CP-15H-LAE895,36.972,83.330,1.978,0,0,其他类异常,09'00'14'' 2017-07-19
CP-15H-LAE895,2.309,83.330,0.022,0,0,其他类异常,09'03'02'' 2017-07-19
CP-15H-LAE895,56.909,83.330,3.738,0,0,其他类异常,09'04'59'' 2017-07-19
CP-15H-LAE895,39.686,200.000,4.834,0,0,其他类异常,09'06'42'' 2017-07-19
CP-15H-LAE895,34.648,133.330,2.835,0,0,其他类异常,09'10'03'' 2017-07-19
CP-15H-LAE895,34.226,133.330,2.861,0,0,其他类异常,09'15'18'' 2017-07-19
CP-15H-LAE895,37.799,166.660,3.855,0,0,首件确认,09'16'44'' 2017-07-19
CP-15H-LAE895,46.831,83.330,3.800,1,1,首件确认,09'18'30'' 2017-07-19
CP-15H-LAE895,33.603,266.660,5.029,2,1,首件确认,09'20'45'' 2017-07-19
CP-15H-LAE895,39.468,266.660,6.338,2,1,首件确认,09'36'40'' 2017-07-19
CP-15H-LAE895,3890.883,266.660,1028.974,169,168,首件确认,10'52'09'' 2017-07-19
CP-15H-LAE895,2720.283,300.000,756.877,291,290,首件确认,11'43'09'' 2017-07-19
CP-15H-LAE895,51.043,266.660,10.778,292,291,首件确认,13'56'04'' 2017-07-19
CP-15H-LAE895,36.114,266.660,8.645,294,293,首件确认,13'57'10'' 2017-07-19
CP-15H-LAE895,73.102,266.660,18.539,297,296,首件确认,13'59'01'' 2017-07-19
CP-15H-LAE895,548.983,300.000,158.740,322,321,首件确认,14'08'32'' 2017-07-19
CP-15H-LAE895,34.866,300.000,5.109,322,321,首件确认,14'10'15'' 2017-07-19
CP-15H-LAE895,1.482,300.000,0.041,322,321,首件确认,14'16'20'' 2017-07-19
CP-15H-LAE895,15.756,300.000,0.000,322,321,首件确认,14'16'21'' 2017-07-19
CP-15H-LAE895,29.390,300.000,3.106,322,321,首件确认,14'18'00'' 2017-07-19
CP-15H-LAE895,18.283,300.000,1.040,322,321,首件确认,14'23'52'' 2017-07-19
CP-15H-LAE895,19.516,300.000,1.969,322,321,首件确认,14'25'46'' 2017-07-19
CP-15H-LAE895,25.616,300.000,3.890,322,321,首件确认,14'28'50'' 2017-07-19
CP-15H-LAE895,31.497,300.000,4.523,322,321,首件确认,14'31'31'' 2017-07-19
CP-15H-LAE895,2233.670,300.000,669.011,431,430,首件确认,15'09'06'' 2017-07-19
CP-15H-LAE895,45.786,300.000,9.891,432,431,首件确认,15'19'23'' 2017-07-19
CP-15H-LAE895,62.166,300.000,17.543,435,434,首件确认,15'21'28'' 2017-07-19
CP-15H-LAE895,4836.374,300.000,1446.119,669,668,首件确认,16'42'25'' 2017-07-19
guytkj,164.441,83.330,13.355,1171,1144,其他类异常,16'54'22'' 2017-07-19
guytkj,77.065,83.330,5.704,1379,1326,其他类异常,17'12'19'' 2017-07-19
guytkj,16.801,83.330,0.446,1379,1326,其他类异常,17'33'09'' 2017-07-19
guytkj,26.879,166.660,1.931,1383,1328,其他类异常,17'34'16'' 2017-07-19
guytkj,22.058,300.000,2.638,3,2,其他类异常,17'38'12'' 2017-07-19
guytkj,25.397,333.330,2.935,2,1,其他类异常,17'49'17'' 2017-07-19
guytkj,132.507,333.330,38.362,40,38,其他类异常,17'55'57'' 2017-07-19
guytkj,55.427,333.330,16.961,57,55,其他类异常,17'57'43'' 2017-07-19
guytkj,26.036,333.330,3.222,2,2,其他类异常,18'03'47'' 2017-07-19
guytkj,25.194,333.330,3.049,4,4,其他类异常,18'29'11'' 2017-07-19
guytkj,31.294,333.330,4.614,8,7,其他类异常,18'37'40'' 2017-07-19
guytkj,134.410,333.330,43.253,43,43,其他类异常,18'41'47'' 2017-07-19
guytkj,26.037,333.330,3.667,44,44,其他类异常,18'51'35'' 2017-07-19
guytkj,0.639,333.330,0.005,44,44,其他类异常,19'17'14'' 2017-07-19
guytkj,27.503,333.330,3.548,3,2,其他类异常,19'25'53'' 2017-07-19
guytkj,29.609,333.330,4.666,7,5,其他类异常,19'30'06'' 2017-07-19
guytkj,28.782,333.330,3.869,10,7,其他类异常,19'33'37'' 2017-07-19
guytkj,4.617,83.330,0.285,10,8,其他类异常,19'35'16'' 2017-07-19
guytkj,42.838,300.000,5.445,15,12,其他类异常,19'38'04'' 2017-07-19
guytkj,27.925,300.000,2.961,17,14,其他类异常,19'40'54'' 2017-07-19
guytkj,132.305,300.000,38.427,39,38,其他类异常,19'44'12'' 2017-07-19
guytkj,59.218,300.000,16.486,55,54,其他类异常,19'45'45'' 2017-07-19
guytkj,28.361,300.000,4.484,58,57,其他类异常,19'56'21'' 2017-07-19
guytkj,27.097,300.000,6.858,7,6,其他类异常,19'57'50'' 2017-07-19
guytkj,16.177,333.330,3.862,10,9,其他类异常,20'00'10'' 2017-07-19
guytkj,177.030,266.660,46.217,52,51,其他类异常,20'03'29'' 2017-07-19
guytkj,9.454,266.660,1.549,60,59,其他类异常,20'04'32'' 2017-07-19
guytkj,30.031,266.660,-0.001,58,58,其他类异常,20'04'38'' 2017-07-19
guytkj,97.656,500.000,38.853,94,92,其他类异常,20'08'04'' 2017-07-19
guytkj,64.475,166.660,9.802,16,15,其他类异常,10'06'09'' 2017-07-24
guytkj,34.445,300.000,4.852,24,21,其他类异常,10'07'00'' 2017-07-24
guytkj,32.339,300.000,4.058,28,24,其他类异常,10'13'02'' 2017-07-24
guytkj,16.599,300.000,0.962,28,24,其他类异常,10'16'29'' 2017-07-24
guytkj,37.799,300.000,6.158,35,30,其他类异常,10'17'21'' 2017-07-24
guytkj,56.707,300.000,12.319,50,44,其他类异常,10'19'07'' 2017-07-24
guytkj,27.924,300.000,3.240,53,46,其他类异常,10'21'17'' 2017-07-24
guytkj,2.948,300.000,0.028,53,46,其他类异常,10'23'45'' 2017-07-24
guytkj,27.284,300.000,3.452,56,48,其他类异常,10'24'56'' 2017-07-24
guytkj,14.914,300.000,0.745,56,48,其他类异常,10'26'42'' 2017-07-24
guytkj,10.920,300.000,0.108,56,48,其他类异常,10'27'06'' 2017-07-24
guytkj,46.410,300.000,10.136,68,59,其他类异常,10'27'58'' 2017-07-24
guytkj,20.795,300.000,1.679,69,59,其他类异常,10'39'12'' 2017-07-24
guytkj,33.182,300.000,4.382,69,59,其他类异常,10'59'35'' 2017-07-24
guytkj,31.076,300.000,3.876,69,59,其他类异常,11'02'39'' 2017-07-24
guytkj,24.570,300.000,2.138,69,59,其他类异常,11'06'03'' 2017-07-24
guytkj,3.791,300.000,0.036,69,59,其他类异常,11'07'22'' 2017-07-24
guytkj,31.918,300.000,4.207,69,59,其他类异常,11'09'13'' 2017-07-24
guytkj,27.925,300.000,3.795,69,59,其他类异常,11'11'35'' 2017-07-24
guytkj,28.767,300.000,3.174,69,59,其他类异常,11'16'08'' 2017-07-24
guytkj,11.747,300.000,2.278,69,59,其他类异常,11'18'28'' 2017-07-24
guytkj,16.552,300.000,0.386,0,0,其他类异常,11'19'37'' 2017-07-24
guytkj,72.447,300.000,16.515,2,2,其他类异常,11'21'38'' 2017-07-24
guytkj,64.476,300.000,18.114,5,5,其他类异常,11'23'10'' 2017-07-24
guytkj,62.619,300.000,14.570,7,7,其他类异常,11'25'50'' 2017-07-24
guytkj,51.012,300.000,10.095,3,3,其他类异常,11'42'21'' 2017-07-24
guytkj,46.208,300.000,12.655,5,5,其他类异常,11'44'06'' 2017-07-24
guytkj,13.229,83.330,0.130,0,0,其他类异常,11'48'23'' 2017-07-24
guytkj,45.786,266.660,8.279,1,1,其他类异常,11'54'56'' 2017-07-24
guytkj,6.303,266.660,0.734,1,1,其他类异常,11'56'04'' 2017-07-24
guytkj,54.585,266.660,10.116,1,1,其他类异常,13'41'15'' 2017-07-24
guytkj,71.605,266.660,15.112,1,1,其他类异常,13'53'22'' 2017-07-24
guytkj,77.689,266.660,16.475,2,2,其他类异常,14'02'07'' 2017-07-24
guytkj,82.119,133.330,8.822,1,1,其他类异常,14'10'48'' 2017-07-24
guytkj,73.929,133.330,7.896,2,2,其他类异常,14'16'47'' 2017-07-24
guytkj,49.780,266.660,12.276,4,4,其他类异常,14'18'27'' 2017-07-24
guytkj,3.572,300.000,0.234,5,5,其他类异常,14'22'48'' 2017-07-24
guytkj,48.703,300.000,-0.001,5,5,其他类异常,14'23'20'' 2017-07-24
guytkj,52.510,266.660,10.230,6,6,其他类异常,14'29'29'' 2017-07-24
guytkjCopy,31.918,266.660,3.598,14,12,其他类异常,14'48'56'' 2017-07-24
guytkjCopy,31.091,266.660,4.694,24,21,首件确认,14'58'54'' 2017-07-24
guytkjCopy,26.879,266.660,3.871,32,28,首件确认,15'01'05'' 2017-07-24
guytkjCopy,26.037,266.660,2.742,37,32,首件确认,15'04'21'' 2017-07-24
guytkjCopy,27.503,266.660,3.189,43,37,首件确认,15'08'51'' 2017-07-24
guytkjCopy,32.121,266.660,3.721,51,43,首件确认,15'13'13'' 2017-07-24
guytkjCopy,35.912,266.660,5.597,63,54,其他类异常,15'37'33'' 2017-07-24
guytkjCopy,38.018,266.660,5.726,76,65,首件确认,15'41'38'' 2017-07-24
guytkjCopy,34.227,266.660,4.856,87,74,首件确认,15'49'18'' 2017-07-24
guytkjCopy,40.934,266.660,6.296,101,87,首件确认,15'52'51'' 2017-07-24
guytkjCopy,36.551,266.660,5.702,114,98,首件确认,15'54'39'' 2017-07-24
guytkjCopy,39.686,266.660,6.062,128,110,首件确认,15'56'23'' 2017-07-24
guytkjCopy,27.939,266.660,3.239,135,115,首件确认,15'59'44'' 2017-07-24
guytkjCopy,22.682,266.660,5.077,148,128,首件确认,16'00'56'' 2017-07-24
guytkj,36.114,266.660,5.456,0,0,首件确认,16'02'36'' 2017-07-24
guytkj,3.993,266.660,0.038,0,0,首件确认,16'03'37'' 2017-07-24
guytkj,51.044,266.660,9.328,1,1,首件确认,16'04'44'' 2017-07-24
guytkj,462.871,266.660,118.670,19,19,首件确认,16'15'52'' 2017-07-24
guytkj,8.206,266.660,1.230,19,19,首件确认,16'16'26'' 2017-07-24
c1-3.4,75.395,83.330,6.400,19,19,首件确认,16'46'41'' 2017-07-24
c1-3.4,17.223,83.330,0.466,0,0,首件确认,16'50'22'' 2017-07-24
c1-3.4,19.516,166.660,2.891,0,0,首件确认,16'50'56'' 2017-07-24
c1-3.4,5.663,166.660,0.055,0,0,首件确认,16'52'02'' 2017-07-24
c1-3.4,25.834,166.660,1.849,0,0,首件确认,16'58'43'' 2017-07-24
c1-3.4,22.464,300.000,2.113,0,0,首件确认,17'00'21'' 2017-07-24
c1-3.4,23.509,300.000,2.561,0,0,首件确认,17'02'05'' 2017-07-24
c1-3.4,10.936,300.000,2.164,0,0,首件确认,17'02'22'' 2017-07-24
c1-3.4,24.149,300.000,3.160,0,0,首件确认,17'05'01'' 2017-07-24
c1-3.4,30.233,300.000,3.438,0,0,首件确认,17'08'17'' 2017-07-24
c1-3.4,22.885,300.000,5.653,1,1,首件确认,17'10'44'' 2017-07-24
c1-3.4,17.644,300.000,1.118,1,1,首件确认,17'21'48'' 2017-07-24
c1-3.4,37.596,300.000,6.729,2,1,首件确认,17'28'29'' 2017-07-24
c1-3.4,31.076,300.000,3.836,2,1,首件确认,17'29'20'' 2017-07-24
c1-3.4,18.689,300.000,1.565,2,1,首件确认,17'29'51'' 2017-07-24
c1-3.4,21.840,300.000,2.277,2,1,首件确认,17'32'42'' 2017-07-24
c1-3.4,19.328,300.000,1.706,2,1,首件确认,17'35'41'' 2017-07-24
c1-3.4,25.412,300.000,2.876,2,1,首件确认,17'36'37'' 2017-07-24
c1-3.4,27.518,300.000,2.619,2,1,首件确认,17'38'33'' 2017-07-24
c1-3.4,27.737,300.000,3.376,2,1,首件确认,17'40'20'' 2017-07-24
c1-3.4,32.121,300.000,4.652,2,1,首件确认,17'48'23'' 2017-07-24
c1-3.4,25.413,300.000,3.014,2,1,首件确认,17'54'30'' 2017-07-24
c1-3.4,23.291,300.000,3.198,2,1,首件确认,17'57'06'' 2017-07-24
c1-3.4,1160.741,300.000,343.814,57,56,首件确认,18'18'57'' 2017-07-24
test-1,32.760,300.000,4.791,59,57,其他类异常,18'31'15'' 2017-07-24
test-1,38.017,300.000,10.156,64,62,其他类异常,18'33'19'' 2017-07-24
test-1,20.795,300.000,5.014,66,65,其他类异常,18'34'59'' 2017-07-24
test-1,60.700,300.000,17.113,75,73,其他类异常,18'36'13'' 2017-07-24
test-1,32.136,300.000,4.716,77,74,其他类异常,18'40'11'' 2017-07-24
test-1,30.873,166.660,2.950,78,75,其他类异常,18'44'12'' 2017-07-24
test-1,21.638,166.660,1.767,78,75,其他类异常,18'52'31'' 2017-07-24
test-1,24.991,166.660,1.678,78,75,其他类异常,18'53'38'' 2017-07-24
test-1,2.309,166.660,0.020,78,75,其他类异常,18'54'48'' 2017-07-24
test-1,17.628,166.660,0.249,78,75,其他类异常,18'55'12'' 2017-07-24
test-1,5.039,166.660,0.048,78,75,其他类异常,18'57'02'' 2017-07-24
test-1,25.615,166.660,2.375,79,75,其他类异常,18'57'55'' 2017-07-24
test-1,17.020,166.660,1.215,79,75,其他类异常,19'00'41'' 2017-07-24
c1-3.3,30.451,166.660,2.921,79,75,其他类异常,19'04'42'' 2017-07-24
c1-3.3,25.210,166.660,2.289,79,75,其他类异常,19'08'28'' 2017-07-24
c1-3.3,27.503,166.660,1.836,79,75,其他类异常,19'13'36'' 2017-07-24
c1-3.3,1292.624,300.000,377.260,61,61,其他类异常,19'35'56'' 2017-07-24
c1-3.3,89.466,300.000,25.587,65,65,其他类异常,19'39'47'' 2017-07-24
c1-3.5,19.313,300.000,0.655,65,65,其他类异常,19'48'43'' 2017-07-24
c1-3.5,48.298,300.000,9.530,66,66,其他类异常,19'56'30'' 2017-07-24
c1-3.5,818.194,300.000,244.345,106,106,其他类异常,20'10'29'' 2017-07-24
c1-3.5,58.813,300.000,12.587,108,107,其他类异常,20'17'13'' 2017-07-24
c1-3.5,507.174,300.000,150.911,132,132,其他类异常,20'27'03'' 2017-07-24
c1-3.4-danbian,45.365,300.000,8.049,133,133,其他类异常,20'37'07'' 2017-07-24
c1-3.4-danbian,161.071,300.000,45.296,7,7,其他类异常,20'42'23'' 2017-07-24
c1-3.4-danbian,1034.942,300.000,308.302,57,57,其他类异常,21'00'49'' 2017-07-24
c1-3.4-danbian,1352.481,300.000,404.663,123,122,其他类异常,21'23'33'' 2017-07-24
c1-3.4-danbian,20.998,300.000,-0.001,0,0,其他类异常,10'22'02'' 2017-07-25
c1-3.4-danbian,10.702,300.000,2.130,0,0,其他类异常,10'22'37'' 2017-07-25
c1-3.4-danbian,25.413,166.660,2.184,0,0,其他类异常,10'23'25'' 2017-07-25
c1-3.4-danbian,68.874,83.330,4.662,0,0,其他类异常,10'33'55'' 2017-07-25
c1-3.4-danbian,29.609,83.330,1.351,0,0,其他类异常,10'37'21'' 2017-07-25
c1-3.4-danbian,16.396,83.330,0.381,0,0,其他类异常,10'41'27'' 2017-07-25
c1-3.4-danbian,33.618,83.330,1.718,0,0,首件确认,16'58'14'' 2017-07-25
c1-3.4-danbian,7.987,83.330,0.572,0,0,换料停机,17'01'24'' 2017-07-25
guytkj,78.094,83.330,6.416,0,0,首件确认,11'00'58'' 2017-07-30
guytkj,18.704,83.330,1.477,0,0,首件确认,11'05'59'' 2017-07-30
guytkj,22.465,83.330,1.778,0,0,首件确认,11'09'47'' 2017-07-30
guytkj,1.466,83.330,0.013,0,0,首件确认,11'36'49'' 2017-07-30
guytkj,33.384,83.330,2.091,0,0,首件确认,11'37'38'' 2017-07-30
guytkj,19.110,166.660,2.777,0,0,首件确认,11'38'20'' 2017-07-30
guytkj,6.303,300.000,0.060,0,0,首件确认,14'17'54'' 2017-07-30
guytkj,31.918,300.000,6.064,0,0,首件确认,14'19'28'' 2017-07-30
guytkj,18.908,300.000,4.424,1,1,首件确认,14'20'17'' 2017-07-30
guytkj,32.745,300.000,6.271,1,1,首件确认,14'25'54'' 2017-07-30
guytkj,26.442,250.000,3.555,1,1,首件确认,14'29'44'' 2017-07-30
guytkj,31.918,250.000,5.042,1,1,首件确认,14'32'50'' 2017-07-30
guytkj,54.600,250.000,9.405,2,2,首件确认,14'36'10'' 2017-07-30
guytkjCopy,24.570,250.000,3.329,119,94,首件确认,14'40'03'' 2017-07-30
guytkjCopy,23.946,300.000,3.163,230,179,首件确认,14'43'15'' 2017-07-30
guytkj,211.693,300.000,59.890,239,188,首件确认,14'48'59'' 2017-07-30
guytkj,152.678,300.000,44.696,246,195,首件确认,14'51'38'' 2017-07-30
guytkj,40.951,300.000,7.109,247,195,首件确认,14'58'12'' 2017-07-30
guytkj,13.432,300.000,2.782,247,196,首件确认,14'58'30'' 2017-07-30
guytkj,46.644,300.000,10.465,248,197,首件确认,15'03'00'' 2017-07-30
guytkj,393.153,300.000,116.720,267,216,首件确认,15'10'40'' 2017-07-30
guytkj,61.121,300.000,17.105,270,219,首件确认,15'11'59'' 2017-07-30
guytkjCopy,23.119,300.000,3.116,324,260,首件确认,15'15'23'' 2017-07-30
guytkjCopy,29.188,83.330,1.746,351,275,首件确认,15'20'18'' 2017-07-30
guytkjCopy,73.508,83.330,5.384,109,95,首件确认,09'19'59'' 2017-07-31
guytkjCopy,27.940,83.330,1.659,138,110,首件确认,09'20'40'' 2017-07-31
guytkjCopy,25.834,300.000,6.531,232,251,首件确认,09'21'45'' 2017-07-31
guytkjCopy,28.767,300.000,4.653,326,330,首件确认,09'32'52'' 2017-07-31
guytkjCopy,26.676,300.000,4.118,408,398,首件确认,09'37'27'' 2017-07-31
guytkjCopy,24.165,300.000,3.536,478,453,首件确认,09'39'48'' 2017-07-31
guytkjCopy,50.825,200.000,8.097,646,607,首件确认,09'45'57'' 2017-07-31
guytkjCopy,45.989,200.000,7.088,659,619,首件确认,09'47'04'' 2017-07-31
guytkjCopy,9.860,200.000,0.125,659,619,首件确认,09'48'47'' 2017-07-31
guytkjCopy,15.132,200.000,0.806,659,619,首件确认,09'49'53'' 2017-07-31
guytkjCopy,14.274,200.000,0.819,659,619,首件确认,09'50'32'' 2017-07-31
guytkjCopy,14.071,200.000,0.900,660,619,首件确认,09'51'11'' 2017-07-31
guytkjCopy,14.087,200.000,0.788,660,619,首件确认,09'52'17'' 2017-07-31
guytkjCopy,13.853,200.000,0.688,660,619,首件确认,09'52'43'' 2017-07-31
guytkjCopy,13.665,200.000,0.649,660,619,首件确认,09'53'04'' 2017-07-31
guytkjCopy,11.966,200.000,0.329,660,619,首件确认,09'55'31'' 2017-07-31
guytkjCopy,15.740,200.000,1.191,661,619,首件确认,09'55'59'' 2017-07-31
guytkjCopy,15.740,200.000,0.590,661,619,首件确认,09'56'24'' 2017-07-31
guytkjCopy,14.289,200.000,0.650,661,619,首件确认,09'56'41'' 2017-07-31
guytkjCopy,15.554,200.000,1.041,662,619,首件确认,09'57'07'' 2017-07-31
guytkjCopy,16.583,200.000,0.785,662,619,首件确认,09'57'28'' 2017-07-31
guytkjCopy,14.929,200.000,0.579,662,619,首件确认,09'57'54'' 2017-07-31
guytkjCopy,35.491,200.000,4.104,669,625,首件确认,10'05'00'' 2017-07-31
guytkjCopy,35.693,200.000,3.945,676,630,首件确认,10'16'24'' 2017-07-31
guytkjCopy,31.496,200.000,4.236,683,636,首件确认,10'18'41'' 2017-07-31
guytkjCopy,36.317,200.000,4.313,690,642,首件确认,10'24'23'' 2017-07-31
guytkjCopy,18.907,200.000,0.601,690,642,首件确认,10'41'40'' 2017-07-31
guytkjCopy,41.590,200.000,6.134,701,652,首件确认,10'42'34'' 2017-07-31
guytkjCopy,30.452,200.000,4.085,708,658,首件确认,10'49'49'' 2017-07-31
guytkjCopy,37.362,200.000,5.326,717,666,首件确认,10'54'55'' 2017-07-31
guytkjCopy,31.279,200.000,4.238,724,672,首件确认,10'58'12'' 2017-07-31
guytkjCopy,51.886,200.000,4.028,724,678,首件确认,11'01'41'' 2017-07-31
guytkjCopy,36.333,200.000,4.581,732,685,首件确认,11'04'14'' 2017-07-31
guytkjCopy,25.616,300.000,3.582,738,690,首件确认,11'05'53'' 2017-07-31
guytkjCopy,40.951,200.000,3.572,744,695,首件确认,11'08'48'' 2017-07-31
guytkjCopy,41.169,200.000,5.804,754,704,首件确认,11'13'02'' 2017-07-31
guytkjCopy,17.643,300.000,4.045,762,712,首件确认,11'14'47'' 2017-07-31
guytkjCopy,37.175,300.000,5.725,772,721,首件确认,11'16'47'' 2017-07-31
guytkjCopy,34.851,200.000,4.905,9,8,首件确认,15'24'04'' 2017-07-31
guytkjCopy,20.156,250.000,4.132,18,17,首件确认,15'27'51'' 2017-07-31
guytkjCopy,43.884,200.000,5.404,25,23,首件确认,15'36'41'' 2017-07-31
guytkjCopy,34.429,200.000,4.710,33,30,首件确认,15'52'06'' 2017-07-31
guytkjCopy,35.054,200.000,4.776,41,37,首件确认,15'57'04'' 2017-07-31
guytkjCopy,34.663,200.000,4.480,48,43,首件确认,16'01'36'' 2017-07-31
guytkjCopy,29.812,200.000,3.552,54,47,首件确认,16'10'22'' 2017-07-31
guytkjCopy,69.108,83.330,5.075,62,54,首件确认,16'56'34'' 2017-07-31
7D8B,61.745,83.330,4.300,76,65,首件确认,17'09'20'' 2017-07-31
7D8B,30.436,83.330,1.601,80,67,首件确认,17'18'01'' 2017-07-31
7D8B,27.503,83.330,1.119,82,67,首件确认,17'23'15'' 2017-07-31
7D8B,26.255,83.330,0.980,84,67,首件确认,17'29'05'' 2017-07-31
7D8B,23.307,166.660,1.678,88,69,首件确认,17'31'52'' 2017-07-31
7D8B,37.597,166.660,3.659,99,78,首件确认,17'35'33'' 2017-07-31
7D8B,24.773,166.660,3.730,113,91,首件确认,17'38'49'' 2017-07-31
7D8B,20.358,166.660,2.999,123,102,首件确认,17'41'26'' 2017-07-31
7D8B,108.795,250.000,22.694,126,105,首件确认,17'54'52'' 2017-07-31
7D8B,199.728,300.000,58.612,136,115,首件确认,17'59'36'' 2017-07-31
7D8B,41.996,300.000,11.380,138,116,首件确认,18'04'30'' 2017-07-31
7D8B,20.155,300.000,4.822,138,117,首件确认,18'05'49'' 2017-07-31
7D8B,63.212,300.000,17.833,141,120,首件确认,18'09'44'' 2017-07-31
7D8B,69.935,133.330,7.502,142,121,首件确认,18'25'54'' 2017-07-31
7D8B,25.397,133.330,3.133,142,121,首件确认,18'26'42'' 2017-07-31
7D8B,32.152,133.330,2.513,142,121,首件确认,18'30'38'' 2017-07-31
7D8B,51.465,133.330,5.492,142,121,首件确认,18'36'56'' 2017-07-31
7D8B,27.503,250.000,3.624,142,121,首件确认,18'39'57'' 2017-07-31
7D8B,17.222,250.000,3.435,143,121,首件确认,18'42'01'' 2017-07-31
7D8B,21.622,250.000,4.515,143,122,首件确认,18'44'14'' 2017-07-31
7D8B,29.625,250.000,6.567,144,123,首件确认,18'57'45'' 2017-07-31
7D8B,41.995,250.000,7.094,145,124,首件确认,19'01'53'' 2017-07-31
7D8B,13.245,250.000,2.464,145,124,首件确认,19'04'22'' 2017-07-31
7D8B,20.998,300.000,5.034,146,125,首件确认,19'05'56'' 2017-07-31
7D8B,420.033,300.000,124.798,166,145,首件确认,19'15'36'' 2017-07-31
7D8B,8.190,300.000,1.192,166,145,首件确认,19'15'57'' 2017-07-31
7D8B,57.549,300.000,16.040,169,148,首件确认,19'17'29'' 2017-07-31
7D8B,99.123,300.000,28.481,174,153,首件确认,19'19'32'' 2017-07-31
7D8B,38.423,300.000,10.289,175,154,首件确认,19'20'49'' 2017-07-31
7D8B,39.905,300.000,10.689,177,156,首件确认,19'21'46'' 2017-07-31
7D8B,499.406,300.000,148.582,201,180,首件确认,19'31'24'' 2017-07-31
7D8B,316.916,300.000,93.867,217,195,首件确认,19'37'19'' 2017-07-31
7D8B,91.978,300.000,0.000,221,200,首件确认,19'39'45'' 2017-07-31
7D8B,31.918,300.000,8.350,222,201,首件确认,19'41'04'' 2017-07-31
7D8B,25.397,300.000,0.000,223,202,首件确认,19'43'43'' 2017-07-31
7D8B,17.222,300.000,0.000,224,203,首件确认,19'46'41'' 2017-07-31
7D8B,208.963,300.000,-0.001,234,213,首件确认,19'48'56'' 2017-07-31
7D8B,88.000,300.000,25.150,238,217,首件确认,19'50'38'' 2017-07-31
7D8B,102.914,300.000,29.781,243,222,首件确认,19'53'25'' 2017-07-31
7D8B,41.793,300.000,7.231,1,1,首件确认,16'36'59'' 2017-08-01
7D8B,36.333,300.000,5.486,1,1,首件确认,16'43'26'' 2017-08-01
7D8B,25.631,300.000,2.493,1,1,首件确认,16'47'39'' 2017-08-01
7D8B,19.953,300.000,1.870,1,1,首件确认,16'53'37'' 2017-08-01
7D8B,67.205,300.000,15.604,2,2,首件确认,16'56'55'' 2017-08-01
7D8B,171.586,300.000,45.926,7,7,首件确认,17'18'15'' 2017-08-01
7D8B,33.384,300.000,8.796,8,8,首件确认,17'19'48'' 2017-08-01
7D8B,63.009,300.000,0.000,11,11,首件确认,17'21'25'' 2017-08-01
7D8B,98.905,283.330,28.161,16,16,其他类异常,17'23'26'' 2017-08-01
7D8B,181.024,283.330,50.167,24,24,其他类异常,17'27'41'' 2017-08-01
7D8B,10.296,283.330,0.000,24,24,其他类异常,17'29'13'' 2017-08-01
7D8B,7.987,283.330,1.126,25,24,其他类异常,17'29'30'' 2017-08-01
7D8B,85.052,283.330,0.000,28,28,其他类异常,17'33'10'' 2017-08-01
7D8B,5.476,283.330,0.000,28,28,其他类异常,17'33'38'' 2017-08-01
7D8B,15.132,283.330,3.285,29,29,其他类异常,17'33'53'' 2017-08-01
7D8B,186.904,283.330,0.000,36,36,其他类异常,17'39'28'' 2017-08-01
7D8B,166.546,283.330,-0.001,44,44,其他类异常,17'43'23'' 2017-08-01
7D8B,39.687,283.330,10.143,48,48,其他类异常,17'45'55'' 2017-08-01
7D8B,66.160,283.330,0.000,47,47,其他类异常,17'46'23'' 2017-08-01
7D8B,238.557,283.330,66.464,59,59,其他类异常,17'51'18'' 2017-08-01
7D8B,11.122,283.330,2.069,60,60,其他类异常,17'51'47'' 2017-08-01
7D8B,18.486,283.330,4.118,60,60,其他类异常,17'52'46'' 2017-08-01
7D8B,89.046,283.330,24.128,64,64,其他类异常,17'55'20'' 2017-08-01
7D8B,9.672,283.330,-96.781,49,49,其他类异常,17'55'59'' 2017-08-01
7D8B,444.806,283.330,0.000,85,85,其他类异常,18'04'21'' 2017-08-01
7D8B,533.009,283.330,-0.001,109,109,其他类异常,18'13'47'' 2017-08-01
7D8B,462.028,283.330,0.000,130,130,其他类异常,18'22'23'' 2017-08-01
7D8B,28.782,283.330,7.069,135,135,其他类异常,18'25'49'' 2017-08-01
7D8B,22.059,283.330,5.116,136,136,其他类异常,18'27'01'' 2017-08-01
7D8B,76.644,283.330,-12.186,134,134,其他类异常,18'28'08'' 2017-08-01
7D8B,35.506,283.330,8.955,137,137,其他类异常,18'28'55'' 2017-08-01
7D8B,42.416,283.330,6.787,138,137,其他类异常,18'36'13'' 2017-08-01
7D8B,25.833,283.330,0.000,138,137,其他类异常,18'40'28'' 2017-08-01
7D8B,371.516,283.330,0.000,155,154,其他类异常,18'50'23'' 2017-08-01
7D8B,477.114,283.330,0.000,177,176,其他类异常,18'59'19'' 2017-08-01
7D8B,11.747,283.330,2.255,178,177,其他类异常,19'00'03'' 2017-08-01
7D8B,253.081,283.330,70.743,189,188,其他类异常,19'04'56'' 2017-08-01
7D8B,19.734,283.330,-2.255,178,176,其他类异常,19'05'05'' 2017-08-01
7D8B,17.223,283.330,0.252,0,0,设备故障,15'44'46'' 2017-08-02
7D8B,18.064,283.330,0.373,0,0,设备故障,15'50'31'' 2017-08-02
7D8B,14.072,283.330,0.251,0,0,小报警处理,15'58'42'' 2017-08-02
7D8B,41.169,83.330,2.266,0,0,小报警处理,16'05'10'' 2017-08-02
7D8B,68.235,83.330,4.659,0,0,小报警处理,16'36'01'' 2017-08-02
7D8B,32.339,83.330,1.779,0,0,小报警处理,16'40'25'' 2017-08-02
7D8B,41.590,166.660,4.567,0,0,小报警处理,16'43'47'' 2017-08-02
7D8B,1.685,166.660,0.015,0,0,小报警处理,16'44'54'' 2017-08-02
7D8B,38.439,166.660,4.408,0,0,小报警处理,16'46'05'' 2017-08-02
7D8B,73.071,166.660,10.311,1,1,小报警处理,16'50'49'' 2017-08-02
7D8B,38.641,166.660,3.902,1,1,小报警处理,16'58'28'' 2017-08-02
7D8B,50.185,166.660,6.363,1,1,小报警处理,17'00'00'' 2017-08-02
7D8B,38.439,166.660,4.403,1,1,小报警处理,17'03'22'' 2017-08-02
7D8B,32.557,166.660,3.524,1,1,小报警处理,17'04'44'' 2017-08-02
7D8B,40.950,166.660,4.021,0,0,小报警处理,17'18'25'' 2017-08-02
7D8B,23.104,166.660,1.110,0,0,小报警处理,17'19'29'' 2017-08-02
7D8B,19.968,166.660,0.761,0,0,小报警处理,17'20'08'' 2017-08-02
7D8B,60.263,166.660,7.563,1,1,小报警处理,17'24'17'' 2017-08-02
7D8B,59.015,166.660,7.266,2,2,小报警处理,17'25'28'' 2017-08-02
7D8B,28.361,166.660,2.939,2,2,小报警处理,17'26'02'' 2017-08-02
7D8B,31.512,166.660,2.998,2,2,小报警处理,17'26'41'' 2017-08-02
7D8B,45.786,166.660,5.134,2,2,小报警处理,17'27'37'' 2017-08-02
7D8B,35.287,166.660,3.758,2,2,小报警处理,17'28'17'' 2017-08-02
7D8B,28.985,166.660,2.505,2,2,小报警处理,17'28'53'' 2017-08-02
7D8B,29.625,166.660,2.452,2,2,小报警处理,17'29'32'' 2017-08-02
7D8B,39.905,333.330,5.526,2,2,小报警处理,17'31'01'' 2017-08-02
7D8B,23.103,333.330,2.330,2,2,小报警处理,17'34'28'' 2017-08-02
7D8B,72.853,166.660,9.718,3,3,小报警处理,17'37'25'' 2017-08-02
7D8B,51.870,166.660,5.958,3,3,小报警处理,17'40'45'' 2017-08-02
7D8B,20.997,166.660,1.714,3,3,小报警处理,17'42'46'' 2017-08-02
7D8B,25.412,166.660,2.214,3,3,吃饭时间,17'43'58'' 2017-08-02
7D8B,33.618,166.660,3.818,3,3,小报警处理,17'45'12'' 2017-08-02
7D8B,27.706,166.660,2.355,3,3,小报警处理,17'46'19'' 2017-08-02
7D8B,95.316,166.660,8.406,0,0,小报警处理,09'11'08'' 2017-08-03
7D8B,29.172,166.660,0.894,0,0,小报警处理,09'11'52'' 2017-08-03
7D8B,17.846,166.660,0.767,0,0,小报警处理,09'12'57'' 2017-08-03
7D8B,17.004,500.000,0.367,0,0,小报警处理,09'14'23'' 2017-08-03
7D8B,42.635,500.000,13.971,0,0,小报警处理,09'18'09'' 2017-08-03
7D8B,31.294,500.000,7.883,0,0,小报警处理,09'19'05'' 2017-08-03
7D8B,39.468,500.000,6.029,0,0,设备故障,09'20'15'' 2017-08-03
7D8B,65.723,500.000,24.457,0,0,设备故障,09'24'14'' 2017-08-03
7D8B,30.046,500.000,4.254,0,0,小报警处理,09'31'37'' 2017-08-03
7D8B,17.847,500.000,0.500,0,0,小报警处理,09'32'26'' 2017-08-03
7D8B,22.683,166.660,0.663,0,0,小报警处理,09'33'33'' 2017-08-03
7D8B,19.328,166.660,0.658,0,0,小报警处理,09'34'18'' 2017-08-03
7D8B,29.188,166.660,2.614,0,0,小报警处理,09'35'06'' 2017-08-03
7D8B,11.763,166.660,0.167,0,0,小报警处理,09'35'30'' 2017-08-03
7D8B,13.229,166.660,0.456,0,0,小报警处理,09'35'51'' 2017-08-03
7D8B,19.749,166.660,0.566,0,0,小报警处理,09'37'11'' 2017-08-03
7D8B,19.313,166.660,0.699,0,0,小报警处理,09'38'16'' 2017-08-03
7D8B,26.037,166.660,0.662,0,0,小报警处理,09'39'03'' 2017-08-03
7D8B,22.464,166.660,0.525,0,0,小报警处理,09'39'34'' 2017-08-03
7D8B,18.486,166.660,0.578,0,0,小报警处理,09'40'14'' 2017-08-03
7D8B,17.426,166.660,0.853,0,0,小报警处理,09'40'51'' 2017-08-03
7D8B,20.374,166.660,1.192,0,0,小报警处理,09'41'44'' 2017-08-03
7D8B,16.786,166.660,0.843,0,0,小报警处理,09'42'26'' 2017-08-03
7D8B,44.101,166.660,2.505,0,0,无生产计划,10'05'48'' 2017-08-03
7D8B,21.638,166.660,2.116,0,0,小报警处理,10'16'58'' 2017-08-03
7D8B,26.676,166.660,1.962,0,0,小报警处理,10'17'55'' 2017-08-03
7D8B,28.564,166.660,2.071,0,0,小报警处理,10'19'39'' 2017-08-03
7D8B,31.715,166.660,3.057,0,0,小报警处理,10'34'16'' 2017-08-03
7D8B,25.210,166.660,1.946,0,0,小报警处理,10'34'53'' 2017-08-03
7D8B,20.577,166.660,1.201,0,0,小报警处理,10'36'04'' 2017-08-03
7D8B,26.036,166.660,2.165,0,0,小报警处理,10'54'44'' 2017-08-03
7D8B,28.985,166.660,1.165,0,0,小报警处理,11'01'13'' 2017-08-03
7D8B,23.728,166.660,2.081,0,0,小报警处理,11'13'02'' 2017-08-03
7D8B,40.326,166.660,4.961,0,0,小报警处理,11'16'44'' 2017-08-03
7D8B,31.076,166.660,2.443,0,0,小报警处理,11'18'03'' 2017-08-03
7D8B,28.984,500.000,1.083,0,0,小报警处理,11'25'22'' 2017-08-03
7D8B,36.551,333.330,7.103,1,0,小报警处理,11'33'39'' 2017-08-03
7D8B,1.888,500.000,0.069,1,1,小报警处理,11'35'08'' 2017-08-03
7D8B,30.030,500.000,-0.001,1,1,小报警处理,11'35'10'' 2017-08-03
7D8B,27.722,500.000,6.379,1,1,小报警处理,11'35'49'' 2017-08-03
7D8B,29.609,500.000,11.721,3,3,小报警处理,11'36'27'' 2017-08-03
7D8B,48.922,500.000,16.264,5,5,小报警处理,11'37'59'' 2017-08-03
7D8B,25.631,500.000,4.672,5,5,小报警处理,11'38'45'' 2017-08-03
7D8B,32.558,500.000,6.078,5,5,小报警处理,11'40'00'' 2017-08-03
7D8B,24.773,500.000,3.525,5,5,小报警处理,11'41'30'' 2017-08-03
7D8B,49.561,333.330,5.273,5,5,小报警处理,13'45'31'' 2017-08-03
7D8B,15.132,333.330,0.341,5,5,小报警处理,13'54'23'' 2017-08-03
7D8B,54.601,166.660,5.853,5,5,小报警处理,13'55'36'' 2017-08-03
7D8B,24.368,166.660,2.092,5,5,无生产计划,13'59'43'' 2017-08-03
7D8B,24.991,166.660,2.539,5,5,小报警处理,14'07'35'' 2017-08-03
7D8B,22.901,166.660,2.086,5,5,小报警处理,14'08'38'' 2017-08-03
7D8B,44.102,166.660,2.303,5,5,小报警处理,14'11'56'' 2017-08-03
7D8BCopy,30.873,166.660,3.242,60,48,无生产计划,14'31'25'' 2017-08-03
7D8BCopy,22.059,166.660,2.056,93,69,无生产计划,14'48'32'' 2017-08-03
7D8BCopy,39.687,166.660,2.458,93,96,小报警处理,14'53'49'' 2017-08-03
7D8BCopy,39.468,166.660,2.288,93,121,小报警处理,14'56'49'' 2017-08-03
7D8BCopy,23.323,166.660,2.275,129,145,无生产计划,15'02'10'' 2017-08-03
7D8BCopy,25.849,166.660,2.657,172,176,小报警处理,15'10'14'' 2017-08-03
7D8BCopy,25.834,166.660,2.494,212,204,小报警处理,15'28'43'' 2017-08-03
7D8BCopy,21.419,166.660,1.400,232,211,小报警处理,15'29'50'' 2017-08-03
7D8BCopy,27.721,166.660,3.027,236,214,无生产计划,15'41'17'' 2017-08-03
7D8BCopy,25.616,166.660,2.543,239,216,小报警处理,16'00'43'' 2017-08-03
7D8BCopy,29.812,166.660,2.458,242,218,无生产计划,16'02'55'' 2017-08-03
7D8BCopy,27.082,166.660,2.334,242,220,无生产计划,16'06'06'' 2017-08-03
7D8BCopy,38.438,166.660,2.598,245,222,无生产计划,16'24'59'' 2017-08-03
7D8BCopy,27.940,166.660,1.932,247,223,小报警处理,16'50'53'' 2017-08-03
7D8BCopy,17.644,166.660,0.979,248,223,小报警处理,16'51'46'' 2017-08-03
7D8BCopy,41.793,166.660,2.081,251,224,小报警处理,16'53'21'' 2017-08-03
7D8BCopy,27.535,166.660,2.568,254,226,无生产计划,16'57'17'' 2017-08-03
7D8BCopy,14.913,166.660,0.925,255,226,首件确认,17'17'18'' 2017-08-03
7D8BCopy,43.681,166.660,2.184,258,228,首件确认,17'18'36'' 2017-08-03
7D8BCopy,19.110,166.660,1.259,259,228,首件确认,17'33'07'' 2017-08-03
7D8BCopy,16.598,166.660,0.882,259,228,首件确认,17'36'41'' 2017-08-03
7D8BCopy,11.981,166.660,0.517,259,228,首件确认,17'37'22'' 2017-08-03
7D8BCopy,26.037,166.660,2.198,262,230,首件确认,17'40'49'' 2017-08-03
7D8BCopy,31.076,166.660,2.202,265,232,首件确认,17'42'02'' 2017-08-03
7D8BCopy,23.525,166.660,1.858,267,233,首件确认,17'43'33'' 2017-08-03
7D8BCopy,23.306,166.660,2.171,270,235,首件确认,17'44'19'' 2017-08-03
7D8BCopy,22.246,166.660,0.713,270,235,首件确认,17'47'09'' 2017-08-03
7D8BCopy,23.946,166.660,2.292,273,237,首件确认,17'48'13'' 2017-08-03
7D8BCopy,46.847,166.660,2.680,277,239,首件确认,17'51'30'' 2017-08-03
7D8BCopy,26.021,166.660,0.639,277,239,首件确认,17'53'46'' 2017-08-03
7D8BCopy,28.142,166.660,2.279,280,241,首件确认,17'55'00'' 2017-08-03
7D8BCopy,41.372,166.660,6.495,10,9,其他类异常,14'20'45'' 2017-08-04
7D8BCopy,11.763,166.660,1.595,13,12,首件确认,14'21'05'' 2017-08-04
7D8BCopy,22.262,166.660,3.302,18,16,无生产计划,14'27'03'' 2017-08-04
7D8BCopy,7.348,166.660,0.854,18,16,吃饭时间,14'28'57'' 2017-08-04
7D8BCopy,4.399,166.660,0.325,18,16,盘点,14'29'47'' 2017-08-04
7D8BCopy,8.190,166.660,0.963,19,16,盘点,15'05'49'' 2017-08-04
7D8BCopy,5.460,166.660,0.573,20,16,无生产计划,15'06'06'' 2017-08-04
7D8BCopy,94.287,83.330,7.766,33,27,吃饭时间,15'17'41'' 2017-08-04
7D8BCopy,6.505,83.330,0.447,33,27,小报警处理,15'23'02'' 2017-08-04
7D8BCopy,59.857,83.330,4.896,41,33,小报警处理,15'25'18'' 2017-08-04
7D8BCopy,28.564,83.330,2.294,44,35,小报警处理,15'27'27'' 2017-08-04
7D8BCopy,15.757,83.330,1.209,45,35,小报警处理,15'30'51'' 2017-08-04
7D8BCopy,18.268,83.330,0.721,45,35,小报警处理,17'10'54'' 2017-08-04
7D8BCopy,17.222,83.330,0.435,45,35,小报警处理,17'12'13'' 2017-08-04
7D8BCopy,26.458,83.330,0.730,45,35,首件确认,17'17'56'' 2017-08-04
7D8BCopy,31.902,83.330,1.525,2,1,首件确认,17'40'45'' 2017-08-04
7D8BCopy,16.380,83.330,0.506,2,1,首件确认,17'41'23'' 2017-08-04
7D8BCopy,40.935,83.330,2.761,6,4,首件确认,17'56'47'' 2017-08-04
7D8BCopy,41.372,166.660,1.935,8,5,首件确认,18'02'11'' 2017-08-04
7D8BCopy,28.766,166.660,0.665,8,5,首件确认,18'11'07'' 2017-08-04
7D8BCopy,37.394,166.660,2.695,12,7,小报警处理,18'17'39'' 2017-08-04
7D8BCopy,28.158,166.660,2.617,16,9,小报警处理,18'19'19'' 2017-08-04
7D8BCopy,18.689,166.660,1.622,18,10,小报警处理,18'24'08'' 2017-08-04
7D8BCopy,29.827,166.660,1.713,20,11,,18'53'37'' 2017-08-04
7D8BCopy,41.387,83.330,1.271,1,0,小报警处理,17'48'09'' 2017-08-05
7D8BCopy,14.274,83.330,0.141,1,0,小报警处理,17'51'06'' 2017-08-05
7D8BCopy,15.537,83.330,0.307,1,0,小报警处理,17'54'53'' 2017-08-05
7D8BCopy,61.105,83.330,4.398,8,6,小报警处理,18'04'59'' 2017-08-05
7D8BCopy,15.725,83.330,0.547,8,6,无生产计划,18'21'13'' 2017-08-05
7D8BCopy,4.836,83.330,0.288,8,6,其他原因,18'24'38'' 2017-08-05
7D8BCopy,12.137,83.330,0.118,8,6,无生产计划,18'29'49'' 2017-08-05
7D8BCopy,27.675,83.330,1.685,10,7,无生产计划,18'30'56'' 2017-08-05
ShuangCopy1,2.621,1000.000,0.132,0,0,小报警处理,17'45'28'' 2017-08-11
ShuangCopy1,17.425,1000.000,6.107,11,6,小报警处理,18'07'52'' 2017-08-11
